name,price,sp,delivery
"Longchamp Longchamp Women's Mini Makeup Bag, Handbag, Shoulder Bag Black Classic（Strapless） ",143.05,Sponsored,Tomorrow
"TYCOM Tycom Resistance Loop Bands- Resistance Exercise Bands Set Workout Bands Flex bands for Home Fitness, Stretching, Strength Training, Physical Therapy, Yoga ",28.60,Sponsored,Tomorrow
"MahMir Mahmir® EVA Foam Roller for Yoga, Deep Tissue Massage, Stretching, Physical Therapy, Relieve Stress, Improve Mobility with Foam Roller for Legs and Muscles - Deep Tissue Massage Tool (Light Blue) ",29.95,Sponsored,Tomorrow
"Balanced Body Balanced Body METRO-IQ Reformer Bundle – Advanced, High-Tech Pilates Reformer with Smart Features for Full-Body Fitness, Core Training, and Home or Studio Workouts ","21,000",,31 Dec
Cool Baby Style COOLBABY Pilates Reformer Pilates Multifunctional Yoga Bed.Pilates Core Bed.Fitness Equipment.Pilates Training Bed.Strength Adjustment.Solid Wood ,"3,910",,30 Dec
"Longchamp Longchamp women's large tote bag, handbag, shoulder bag, navy blue classic style Topic: ",156.85,Sponsored,Tomorrow
"Longchamp Longchamp women's large tote bag, handbag, shoulder bag black classic style ",156.85,Sponsored,Tomorrow
"Fazza 3 Pairs Non Slip Socks, Women Fashion All Season Socks, Sports Casual Simple Striped Colors, for Pilates Yoga, Barre Ballet Dance, Fitness, Football, Mid-Tube Socks Free Size ",48.40,Sponsored,Tomorrow
Other Manufacturer Pilates Reformer Pilates Dirac Loft Bed Yoga Bed Home Commercial Fitness Equipment ,"4,999",,31 Dec
Generic Pilates Yoga Bed Yoga Studio Pilates Core Bed Pilates Training Bed Strength Adjustment Stainless Steel Yoga Training Bed ,"1,569",,30 Dec
Generic Pilates Yoga Bed Yoga Studio Pilates Core Bed Pilates Training Bed Strength Adjustment Stainless Steel Yoga Training Bed ,"1,599",,30 Dec
Cool Baby Style COOLBABY Pilates Reformer Pilates Core Bed Yoga Bed Aluminum Alloy Family Stretch Family Stretch Training Fitness Equipment Folding ,"5,299",,31 Dec
Generic Punching bags Standing punching bags are available for families of adults or children ,599,,30 Dec
Generic Pilates Yoga Bed Yoga Studio Pilates Core Bed Pilates Training Bed Strength Adjustment Stainless Steel Yoga Training Bed ,"1,569",Sponsored,30 Dec
"NNEWVANTE Nnewvante Silk Sleep Mask, 2 Pack 100% Real Natural Pure Silk Eye Mask with Adjustable Strap, Eye Mask for Sleeping, Eye Sleep Shade Cover, Blocks Light Reduces Puffy Eyes Gifts ",23.90,Sponsored,Tomorrow
"Align-Pilates Align-Pilates Pro Sitting Box for Reformers, Comfortable & Durable Pilates Accessory, Versatile Exercise Support, Black ","1,400",,31 Dec
"Bernessi 8MM Yoga Mat with Carrying Strap Anti-Slip for Home Workout Exercises Meditation Eco Friendly, Non Skid TPE Yoga Mattres for Pilates 183x61x0.8cm Thick, Pink/Black Color ",69.90,,Tomorrow
Generic Pilates Reformer Pilates Solid Wood Ladder Bucket Yoga Body Sculpting Slimming Home Fitness Equipment ,"2,729",,30 Dec
"URbazaar Yoga Mat for Women and Men, Extra Long and Wide Exercise Mat(72""x24""), Large Non Slip Workout Mat for Yoga, Pilates, Fitness, Barefoot Workouts, Home Gym Studio ",50.90,Sponsored,Tomorrow
Cool Baby Style COOLBABY Pilates Multifunctional Yoga Bed.Pilates Core Bed.Fitness Equipment.Pilates Training Bed.Strength Adjustment.Solid Wood ,"4,779",,31 Dec
Generic Pilates Solid Wood Ladder Bucket Yoga Body Sculpting Slimming Home Fitness Equipment ,"2,799",,31 Dec
Generic Anti-Tear Exercise Mat With Carrying Strap ,39.45,,Tomorrow
Align-Pilates Align-Pilates Leg Extensions for R8-Pro Pilates Reformer ,230,Sponsored,31 Dec
"MahMir Mahmir® EVA Foam Roller for Yoga, Deep Tissue Massage, Stretching, Physical Therapy, Relieve Stress, Improve Mobility with Foam Roller for Legs and Muscles - Deep Tissue Massage Tool (Pink) ",29.95,Sponsored,Tomorrow
LACOSTE Lacoste Tote Bag Large Size Black Color ,152.75,Sponsored,Tomorrow
Cool Baby Style COOLBABY Pilates Core Bed Yoga Bed Sports Solid Wood Pilates Equipment Home Stretch Home Stretch Training Fitness Equipment Foldable ,"4,999",,31 Dec
"Generic 5 Packs Cooling Towel, Quick Dry Sports Towel for Yoga Fitness Golf Tennis Camping Games，Fitness Towel(30x80cm) ",28.75,Sponsored,Tomorrow
Longchamp Longchamp Le Pliage Original Large Black Tote Bag with Handle for Women L1899089001 ,164.90,,Tomorrow
LACOSTE Lacoste Tote Bag Large Size Navy Blue ,152.75,,Tomorrow
Cool Baby Style Pilates Reformer Pilates Stable Chair Balance Trainer Multifunctional Fitness Equipment ,"1,899",,30 Dec
"GROIC Fitness Yoga Mat for Women and Men - Large, 4mm Thick, 68 Inch *24 Inch, Non Slip Exercise Mats w/ 70 Printed Yoga Poses for Pilates, Workout and Stretching - Home and Gym Essentials ",87.40,,Tomorrow
Longchamp Longchamp Le Pliage Original Large Navy Tote Bag for Women L1899089P68 ,164.90,,Tomorrow
LACOSTE Lacoste Tote Bag Large Size Black Color ,152.75,,Tomorrow
Align-Pilates Platform Extender FAlign-Pilates Platform Extender - Compatible with C-Series Pilates Reformers for Enhanced Exercisesor C-Series Reformer ,360,,31 Dec
"Longchamp Longchamp Women's Mini Makeup Bag, Handbag, Shoulder Bag Steel Grey Classic ",143.05,Sponsored,Tomorrow
Align-Pilates Align-Pilates Leg Extensions for R8-Pro Pilates Reformer ,230,,31 Dec
"Align-Pilates Align-Pilates Jump Board - Compatible with C, F, R & H-Series Pilates Reformers, Durable & Versatile Accessory ",590,,31 Dec
Emfil Anti Skid Yoga Mat ,30.05,,Tomorrow
"Longchamp Longchamp women's large tote bag, handbag, shoulder bag black classic style ",156.85,,Tomorrow
"RIGID FITNESS Yoga Mat 6mm with Alignments - Anti-Slip TPE Yoga Mat with Carry Bag - Precision Alignment Lines, Double Colors, Lightweight & Durable for All Fitness Exercises- 183 * 66cm*0.6cm Thick ",75.85,,Tomorrow
"Fazza 3 Pairs Non Slip Socks, Women Fashion All Season Socks, Sports Casual Simple Striped Colors, for Pilates Yoga, Barre Ballet Dance, Fitness, Football, Mid-Tube Socks Free Size ",48.40,,Tomorrow
MahMir MahMir Yoga Mat Anti-Slip Exercise Mat with Carrying Bag Fitness Mat for Pilates 183CM*61CM*6MM Thickness for Woman Man Beginners  Black+Light Grey ,44.95,,Tomorrow
ZCM-HAPPY Yoga Fitness Exercise Ball With Air Pump 75cm ,33,Sponsored,30 Dec
"Qiccijoo Qiccijoo Ankle Weights Set 1 Pair 4kg(8.8lb) Workout Ankle Weights for Women or Men Wrist Leg Weights for Fitness,Running,Walking,2*2kg(4.4lb) - Blue ",89,Sponsored,Tomorrow
"Bernessi 8MM Yoga Mat with Carrying Strap Anti-Slip for Home Workout Exercises Meditation Eco Friendly, Non Skid TPE Yoga Mattres for Pilates 183x61x0.8cm Thick, Pink/Black Color ",69.90,Sponsored,Tomorrow
"Longchamp Longchamp women's large tote bag, handbag, shoulder bag, navy blue classic style Topic: ",156.85,,Tomorrow
"GROIC Pilates Bar Kit, Durable Pilates Bar Kit with 125 Lbs Resistance Bands for Women & Men -with Workout Guide Perfect for Beginner - Pilates Equipment for Home, Gym, Travel, Office Use ",82.95,,Tomorrow
MahMir MahMir Yoga Mat Anti Slip Exercise Mat with Carrying Bag Fitness Mat for Pilates 183CMX61CMX6MM Thickness for Woman Man Beginners (Dark Grey + Black) ,44.95,,Tomorrow
"RIGID FITNESS Yoga Mat 6mm with Alignments - Anti-Slip TPE Yoga Mat with Carry Bag - Precision Alignment Lines, Lightweight & Durable for All Fitness Exercises - Thick Training Mat - 183*66cm (Green) ",69.75,,Tomorrow
Adidas Training Mat - 10Mm - Red ,132,,Tomorrow
Generic Foam Roller Yoga Fitness- Black ,39.20,,Tomorrow
Generic Anti-Tear Exercise Mat With Carrying Strap 60x10cm 60x10cm ,36.15,,Tomorrow
"TYCOM Tycom Resistance Loop Bands- Resistance Exercise Bands Set Workout Bands Flex bands for Home Fitness, Stretching, Strength Training, Physical Therapy, Yoga ",28.60,,Tomorrow
Align-Pilates Align-Pilates R8 Pro Reformer Platform Extender – Upgrade for Enhanced Stability & Support in Pilates Workouts ,375.25,,31 Dec
"Eworld Anti-slip Yoga Sports and Exercise Mat with Carrying Strap Water Repellent Moisture Proof for Home and Gym, Grey ",34.95,,31 Dec
"URbazaar Yoga Mat for Women and Men, Extra Long and Wide Exercise Mat(72""x24""), Large Non Slip Workout Mat for Yoga, Pilates, Fitness, Barefoot Workouts, Home Gym Studio ",50.90,,Tomorrow
"Longchamp Longchamp Women's Mini Makeup Bag, Handbag, Shoulder Bag Steel Grey Classic ",143.05,,Tomorrow
"Longchamp Longchamp Women's Mini Makeup Bag, Handbag, Shoulder Bag Black Classic（Strapless） ",143.05,,Tomorrow
Kanteen Store Anti Burst Sports Swiss Yoga Aerobic Body Fitness Ball 65cm 65cm ,30,,Tomorrow
LIMOS Sports Yoga Socks for Women Pack Of 3 Pairs ,39,,Tomorrow
"GROIC Ab Roller for Abs Workout, Pilates Bar Kit with Resistance Band Set, Exercise Bar with AB Roller, Yoga Stretching Equipment, Core Strength Training Equipment, Portable Home Gym for Men and Women ",110.95,,
"Sweet seven Women's Non-Slip Pilates Socks with Grips - Perfect for Yoga, Ballet, Dance, and Barefoot Workouts - Anti-Skid Crew Socks - Set of 4 ",83.95,,Tomorrow
"GROIC 12 Pack Puzzle Exercise Floor Mat, EVA Foam Mats with Interlocking Floor Tiles, 12'' x 12'' Foam Gym Mat, Protective Flooring Mats Interlocking for Home and Gym Equipment ",67.55,,Tomorrow
MahMir MahMir Yoga Mat Anti-Slip Exercise Mat with Carrying Bag Fitness Mat for Pilates 183CM*61CM*6MM Thickness for Woman Man Beginners  Dark Green+Light Green ,49.95,,Tomorrow
Generic COOLBABY Pilates Yoga Wedge Massage Correction Yoga Foam Kyphosis Correction Detachable Large Spine Yoga Equipment ,269.10,,Tomorrow
"Align-Pilates Align-Pilates Roll Up Metal Pilates Pole for Flexibility and Strength Training 32-Inch, High quality, lightweight, durable comfort and stability during Pilates exercises. ",230,,31 Dec
Longchamp Le Pliage Original Large Paper White Women's Handbag L1899089P71 ,164.90,,Tomorrow
