Rank,brand,Name,Price,Sponsored,Delivery by,Link,Delivery type,Sale,Rating,Total reviews,Offers
1,Longchamp,"Longchamp Longchamp Women's Mini Makeup Bag, Handbag, Shoulder Bag Black Classic（Strapless） ",168.50,Y,Tomorrow,https://www.noon.com/uae-en/longchamp-women-s-mini-makeup-bag-handbag-shoulder-bag-black-classic-strapless/Z798FC1A11A054EC807C5Z/p/?o=z798fc1a11a054ec807c5z-1,noon-express,,,,57% Off
2,Folanry,"Folanry EVA Cork Splicing Yoga Block,2 Pack,22.8x15.2x7.6cm, High-density Double-sided Anti-slip Wear-resistant Yoga Brick with Comfortable Edge to Improve Balance, Strength and Flexibility ",46.20,Y,Tomorrow,https://www.noon.com/uae-en/eva-cork-splicing-yoga-block-2-pack-22-8x15-2x7-6cm-high-density-double-sided-anti-slip-wear-resistant-yoga-brick-with-comfortable-edge-to-improve-balance-strength-and-flexibility/Z418087CAC07977787D7BZ/p/?o=z418087cac07977787d7bz-1,noon-express,,,,18% Off
3,Vparty,"Vparty Thick Yoga Mat for Home Workout,183x61x0.6cm Non-Slip Exercise Fitness Yoga Mats,Eco-Friendly TPE Exercise Mats for Home Workout with strap & Carrying Bag ",59.90,Y,7 Jan,https://www.noon.com/uae-en/thick-yoga-mat-for-home-workout-183x61x0-6cm-non-slip-exercise-fitness-yoga-mats-eco-friendly-tpe-exercise-mats-for-home-workout-with-strap-carrying-bag/Z26D85EAC144F1FA830BDZ/p/?o=z26d85eac144f1fa830bdz-1,noon-marketplace,,5.0,3,14% Off
4,Longchamp,Longchamp Longchamp Le Pliage Original Large Navy Tote Bag for Women L1899089P68 ,164.90,N,Tomorrow,https://www.noon.com/uae-en/longchamp-le-pliage-original-large-navy-tote-bag-for-women-l1899089p68/Z8CEEC76F0B9EC0122F38Z/p/?o=z8ceec76f0b9ec0122f38z-1,noon-express,,5.0,4,
5,Bernessi,"Bernessi 8MM Yoga Mat with Carrying Strap Anti-Slip for Home Workout Exercises Meditation Eco Friendly, Non Skid TPE Yoga Mattres for Pilates 183x61x0.8cm Thick, Pink/Black Color ",69.90,N,Tomorrow,https://www.noon.com/uae-en/8mm-yoga-mat-with-carrying-strap-anti-slip-for-home-workout-exercises-meditation-eco-friendly-non-skid-tpe-yoga-mattres-for-pilates-183x61x0-8cm-thick-pink-black-color/Z24E1B5B4FDE8BB5C6111Z/p/?o=z24e1b5b4fde8bb5c6111z-1,noon-express,,4.8,66,57% Off
6,Longchamp,"Longchamp Longchamp women's large tote bag, handbag, shoulder bag, navy blue classic style Topic: ",163.90,Y,Tomorrow,https://www.noon.com/uae-en/longchamp-women-s-large-tote-bag-handbag-shoulder-bag-navy-blue-classic-style-topic/ZA20A29558D85EF0EDB9EZ/p/?o=za20a29558d85ef0edb9ez-1,noon-express,,,,59% Off
7,MahMir,"MahMir Mahmir® EVA Foam Roller for Yoga, Deep Tissue Massage, Stretching, Physical Therapy, Relieve Stress, Improve Mobility with Foam Roller for Legs and Muscles - Deep Tissue Massage Tool (Light Blue) ",29.95,Y,Tomorrow,https://www.noon.com/uae-en/mahmir-eva-foam-roller-for-yoga-deep-tissue-massage-stretching-physical-therapy-relieve-stress-improve-mobility-with-foam-roller-for-legs-and-muscles-deep-tissue-massage-tool-light-blue/Z1FFBA90CF03B4E1CDF5CZ/p/?o=z1ffba90cf03b4e1cdf5cz-1,noon-express,,3.4,3,
8,Longchamp,"Longchamp Longchamp women's large tote bag, handbag, shoulder bag black classic style ",163.90,Y,Tomorrow,https://www.noon.com/uae-en/longchamp-women-s-large-tote-bag-handbag-shoulder-bag-black-classic-style/ZE94894E319EC24478F43Z/p/?o=ze94894e319ec24478f43z-1,noon-express,,,,59% Off
9,Longchamp,Longchamp Longchamp Le Pliage Original Large Black Tote Bag with Handle for Women L1899089001 ,164.90,N,Tomorrow,https://www.noon.com/uae-en/longchamp-le-pliage-original-large-black-tote-bag-with-handle-for-women-l1899089001/Z806209A62BA1D05C47E5Z/p/?o=z806209a62ba1d05c47e5z-1,noon-express,,5.0,5,
10,Longchamp,"Longchamp Longchamp women's large tote bag, handbag, shoulder bag black classic style ",163.90,N,Tomorrow,https://www.noon.com/uae-en/longchamp-women-s-large-tote-bag-handbag-shoulder-bag-black-classic-style/ZE94894E319EC24478F43Z/p/?o=ze94894e319ec24478f43z-1,noon-express,,,,59% Off
11,Longchamp,Longchamp Le Pliage Original Large Paper White Women's Handbag L1899089P71 ,164.90,N,Tomorrow,https://www.noon.com/uae-en/le-pliage-original-large-paper-white-women-s-handbag-l1899089p71/Z7DD29A3780D77ACC9012Z/p/?o=z7dd29a3780d77acc9012z-1,noon-express,,,,
12,Longchamp,"Longchamp Longchamp Women's Mini Makeup Bag, Handbag, Shoulder Bag Black Classic（Strapless） ",168.50,N,Tomorrow,https://www.noon.com/uae-en/longchamp-women-s-mini-makeup-bag-handbag-shoulder-bag-black-classic-strapless/Z798FC1A11A054EC807C5Z/p/?o=z798fc1a11a054ec807c5z-1,noon-express,,,,57% Off
13,Bernessi,"Bernessi 8MM Yoga Mat with Carrying Strap Anti-Slip for Home Workout Exercises Meditation Eco Friendly, Non Skid TPE Yoga Mattres for Pilates 183x61x0.8cm Thick, Light Pink / Black Color ",61.25,N,Tomorrow,https://www.noon.com/uae-en/8mm-yoga-mat-with-carrying-strap-anti-slip-for-home-workout-exercises-meditation-eco-friendly-non-skid-tpe-yoga-mattres-for-pilates-183x61x0-8cm-thick-light-pink-black-color/Z212ACDF2F7760CD34A11Z/p/?o=z212acdf2f7760cd34a11z-1,noon-express,,5.0,4,65% Off
14,NNEWVANTE,"NNEWVANTE Nnewvante Silk Sleep Mask, 2 Pack 100% Real Natural Pure Silk Eye Mask with Adjustable Strap, Eye Mask for Sleeping, Eye Sleep Shade Cover, Blocks Light Reduces Puffy Eyes Gifts ",23.90,Y,Tomorrow,https://www.noon.com/uae-en/nnewvante-silk-sleep-mask-2-pack-100-real-natural-pure-silk-eye-mask-with-adjustable-strap-eye-mask-for-sleeping-eye-sleep-shade-cover-blocks-light-reduces-puffy-eyes-gifts/Z549615CC1C4033D14D98Z/p/?o=z549615cc1c4033d14d98z-1,noon-express,,3.6,5,33% Off
15,URbazaar,"URbazaar Yoga Mat for Women and Men, Extra Long and Wide Exercise Mat(72""x24""), Large Non Slip Workout Mat for Yoga, Pilates, Fitness, Barefoot Workouts, Home Gym Studio ",50.90,Y,Tomorrow,https://www.noon.com/uae-en/yoga-mat-for-women-and-men-extra-long-and-wide-exercise-mat-72-x24-large-non-slip-workout-mat-for-yoga-pilates-fitness-barefoot-workouts-home-gym-studio/Z603FF8FD1BFB572D8D9FZ/p/?o=z603ff8fd1bfb572d8d9fz-1,noon-express,,4.7,3,27% Off
16,MahMir,MahMir MahMir Yoga Mat Anti-Slip Exercise Mat with Carrying Bag Fitness Mat for Pilates 183CM*61CM*6MM Thickness for Woman Man Beginners Pink + Light Grey ,49.95,N,Tomorrow,https://www.noon.com/uae-en/mahmir-yoga-mat-anti-slip-exercise-mat-with-carrying-bag-fitness-mat-for-pilates-183cm-61cm-6mm-thickness-for-woman-man-beginners-pink-light-grey/Z5B557BA405F39E1C40DEZ/p/?o=z5b557ba405f39e1c40dez-1,noon-express,,4.4,23,28% Off
17,LACOSTE,LACOSTE Lacoste Tote Bag Large Size Navy Blue ,154.35,N,Tomorrow,https://www.noon.com/uae-en/lacoste-tote-bag-large-size-navy-blue/Z8BEBE634C0D4211AB6E4Z/p/?o=z8bebe634c0d4211ab6e4z-1,noon-express,,5.0,1,48% Off
18,Fitness,Fitness World Anti-Slip Yoga Mat With Carry Strap ,37.80,N,Tomorrow,https://www.noon.com/uae-en/anti-slip-yoga-mat-with-carry-strap/N27330175A/p/?o=f2f2a89d50d79c1a,noon-express,,4.1,216,
19,Generic,Generic Pilates Yoga Bed Yoga Studio Pilates Core Bed Pilates Training Bed Strength Adjustment Stainless Steel Yoga Training Bed ,"1,569",Y,1 Jan,https://www.noon.com/uae-en/pilates-yoga-bed-yoga-studio-pilates-core-bed-pilates-training-bed-strength-adjustment-stainless-steel-yoga-training-bed/Z3C8FFE396E1C4B2EFA2DZ/p/?o=z3c8ffe396e1c4b2efa2dz-1,noon-express,,,,37% Off
20,MahMir,MahMir MahMir Yoga Mat Anti Slip Exercise Mat with Carrying Bag Fitness Mat for Pilates 183CMX61CMX6MM Thickness for Woman Man Beginners (Dark Grey + Black) ,49.95,N,Tomorrow,https://www.noon.com/uae-en/mahmir-yoga-mat-anti-slip-exercise-mat-with-carrying-bag-fitness-mat-for-pilates-183cmx61cmx6mm-thickness-for-woman-man-beginners-dark-grey-black/Z83C8A1AAB21D372A0063Z/p/?o=z83c8a1aab21d372a0063z-1,noon-express,,4.5,30,28% Off
21,MahMir,"MahMir Mahmir EVA Foam Roller for Yoga, Deep Tissue Massage, Stretching, Physical Therapy, Relieve Stress, Improve Mobility with Foam Roller for Legs and Muscles - Deep Tissue Massage Tool (Black) ",26.70,N,,https://www.noon.com/uae-en/mahmir-eva-foam-roller-for-yoga-deep-tissue-massage-stretching-physical-therapy-relieve-stress-improve-mobility-with-foam-roller-for-legs-and-muscles-deep-tissue-massage-tool-black/Z64EE8D8F808FF4902AEDZ/p/?o=b582689b37574c0f,,,3.0,10,10% Off
22,RIGID,"RIGID FITNESS Thick Yoga Mat 8mm - Knees Supportive Exercise Mat - for Yoga, Pilates, Fitness Exercises and Home Exercise Fitness Mat - Non-Slip Yoga Gym Mat With Carrying Bag - 183*66cm (Gold/Black) ",126,N,,https://www.noon.com/uae-en/thick-yoga-mat-8mm-knees-supportive-exercise-mat-for-yoga-pilates-fitness-exercises-and-home-exercise-fitness-mat-non-slip-yoga-gym-mat-with-carrying-bag-183-66cm-gold-black/ZE9BC56837C893BAD2931Z/p/?o=dadfe5916fa2b71e,,,4.7,63,
23,Fazza,"Fazza 3 Pairs Non Slip Socks, Women Fashion All Season Socks, Sports Casual Simple Striped Colors, for Pilates Yoga, Barre Ballet Dance, Fitness, Football, Mid-Tube Socks Free Size ",48.40,Y,Tomorrow,https://www.noon.com/uae-en/3-pairs-non-slip-socks-women-fashion-all-season-socks-sports-casual-simple-striped-colors-for-pilates-yoga-barre-ballet-dance-fitness-football-mid-tube-socks-free-size/ZD7445E31DDB7FA7F9DA9Z/p/?o=zd7445e31ddb7fa7f9da9z-1,noon-express,,4.0,1,35% Off
24,Align-Pilates,Align-Pilates Align-Pilates Leg Extensions for R8-Pro Pilates Reformer ,230,Y,Tomorrow,https://www.noon.com/uae-en/align-pilates-leg-extensions-for-r8-pro-pilates-reformer/Z4F92579021C1CA25613BZ/p/?o=z4f92579021c1ca25613bz-1,noon-marketplace,Mega Deal,,,8% Off
25,Longchamp,"Longchamp Longchamp Women's Mini Makeup Bag, Handbag, Shoulder Bag Steel Grey Classic ",168.50,Y,Tomorrow,https://www.noon.com/uae-en/longchamp-women-s-mini-makeup-bag-handbag-shoulder-bag-steel-grey-classic/ZA63BF70F800CF9C3D86DZ/p/?o=za63bf70f800cf9c3d86dz-1,noon-express,,,,57% Off
26,Longchamp,"Longchamp Longchamp Women's Mini Makeup Bag, Handbag, Shoulder Bag Steel Grey Classic ",168.50,N,Tomorrow,https://www.noon.com/uae-en/longchamp-women-s-mini-makeup-bag-handbag-shoulder-bag-steel-grey-classic/ZA63BF70F800CF9C3D86DZ/p/?o=za63bf70f800cf9c3d86dz-1,noon-express,,,,57% Off
27,MahMir,"MahMir Mahmir® EVA Foam Roller for Yoga, Deep Tissue Massage, Stretching, Physical Therapy, Relieve Stress, Improve Mobility with Foam Roller for Legs and Muscles - Deep Tissue Massage Tool (Pink) ",29.95,Y,Tomorrow,https://www.noon.com/uae-en/mahmir-eva-foam-roller-for-yoga-deep-tissue-massage-stretching-physical-therapy-relieve-stress-improve-mobility-with-foam-roller-for-legs-and-muscles-deep-tissue-massage-tool-pink/Z30868C98E61D2ABA2621Z/p/?o=z30868c98e61d2aba2621z-1,noon-express,,4.0,8,
28,Eworld,"Eworld Anti-slip Yoga Sports and Exercise Mat with Carrying Strap Water Repellent Moisture Proof for Home and Gym, Grey ",34.95,N,1 Jan,https://www.noon.com/uae-en/anti-slip-yoga-sports-and-exercise-mat-with-carrying-strap-water-repellent-moisture-proof-for-home-and-gym-grey/Z32CADD1858C6D6393BC3Z/p/?o=z32cadd1858c6d6393bc3z-1,noon-express,,,,
29,ALSAQER,ALSAQER Alsaqer Traditional Arabic Outdoor Carpet | Arabic Sadu Mat Foldable (1.8x2.5 Mtr) Majlis Mat|Majlis Carpet | Outdoor Camping Mat|Camping Carpet|Majlis Mat|Sadu Carpet|Picnic Mat Multicolour ,49.95,N,1 Jan,https://www.noon.com/uae-en/alsaqer-traditional-arabic-outdoor-carpet-arabic-sadu-mat-foldable-1-8x2-5-mtr-majlis-mat-majlis-carpet-outdoor-camping-mat-camping-carpet-majlis-mat-sadu-carpet-picnic-mat-multicolour/Z719A382A1CA26C55AB50Z/p/?o=z719a382a1ca26c55ab50z-1,noon-express,,,,16% Off
30,GROIC,"GROIC 12 Pack Puzzle Exercise Floor Mat, EVA Foam Mats with Interlocking Floor Tiles, 12'' x 12'' Foam Gym Mat, Protective Flooring Mats Interlocking for Home and Gym Equipment ",81.60,N,Tomorrow,https://www.noon.com/uae-en/12-pack-puzzle-exercise-floor-mat-eva-foam-mats-with-interlocking-floor-tiles-12-x-12-foam-gym-mat-protective-flooring-mats-interlocking-for-home-and-gym-equipment/Z6744CF0C300C15718ECAZ/p/?o=z6744cf0c300c15718ecaz-1,noon-express,,3.1,7,59% Off
31,Pro,Pro Hanson Yoga Mat With Carry Strap ,33.80,N,Tomorrow,https://www.noon.com/uae-en/yoga-mat-with-carry-strap/N16718791A/p/?o=f25de7bd9fb95d5b,noon-express,,4.4,535,
32,Longchamp,"Longchamp Longchamp women's large tote bag, handbag, shoulder bag, navy blue classic style Topic: ",163.90,N,Tomorrow,https://www.noon.com/uae-en/longchamp-women-s-large-tote-bag-handbag-shoulder-bag-navy-blue-classic-style-topic/ZA20A29558D85EF0EDB9EZ/p/?o=za20a29558d85ef0edb9ez-1,noon-express,,,,59% Off
33,Fazza,"Fazza 3 Pairs Non Slip Socks, Women Fashion All Season Socks, Sports Casual Simple Striped Colors, for Pilates Yoga, Barre Ballet Dance, Fitness, Football, Mid-Tube Socks Free Size ",48.40,N,Tomorrow,https://www.noon.com/uae-en/3-pairs-non-slip-socks-women-fashion-all-season-socks-sports-casual-simple-striped-colors-for-pilates-yoga-barre-ballet-dance-fitness-football-mid-tube-socks-free-size/ZD7445E31DDB7FA7F9DA9Z/p/?o=zd7445e31ddb7fa7f9da9z-1,noon-express,,4.0,1,35% Off
34,MahMir,MahMir MahMir Yoga Mat Anti-Slip Exercise Mat with Carrying Bag Fitness Mat for Pilates 183CM*61CM*6MM Thickness for Woman Man Beginners  Black+Light Grey ,49.95,N,Tomorrow,https://www.noon.com/uae-en/mahmir-yoga-mat-anti-slip-exercise-mat-with-carrying-bag-fitness-mat-for-pilates-183cm-61cm-6mm-thickness-for-woman-man-beginners-black-light-grey/ZB6A26C6FF922D524ABBAZ/p/?o=zb6a26c6ff922d524abbaz-1,noon-express,,4.8,14,16% Off
35,Generic,"Generic 5 Packs Cooling Towel, Quick Dry Sports Towel for Yoga Fitness Golf Tennis Camping Games，Fitness Towel(30x80cm) ",28.75,Y,Tomorrow,https://www.noon.com/uae-en/5-packs-cooling-towel-quick-dry-sports-towel-for-yoga-fitness-golf-tennis-camping-games-fitness-towel-30x80cm/ZD47F076F0E799BD13A58Z/p/?o=zd47f076f0e799bd13a58z-1,noon-express,,,,64% Off
36,Longchamp,Longchamp Longchamp Le Pliage Original Large Burgundy Tote Bag for Women L1899089P87 ,165,N,Tomorrow,https://www.noon.com/uae-en/longchamp-le-pliage-original-large-burgundy-tote-bag-for-women-l1899089p87/Z43AAD20FFFC5E940AD7EZ/p/?o=z43aad20fffc5e940ad7ez-1,noon-express,,,,
37,TYCOM,"TYCOM Tycom Resistance Loop Bands- Resistance Exercise Bands Set Workout Bands Flex bands for Home Fitness, Stretching, Strength Training, Physical Therapy, Yoga ",28.60,N,Tomorrow,https://www.noon.com/uae-en/tycom-resistance-loop-bands-resistance-exercise-bands-set-workout-bands-flex-bands-for-home-fitness-stretching-strength-training-physical-therapy-yoga/ZE5D7520215AA49D4ED49Z/p/?o=ze5d7520215aa49d4ed49z-1,noon-express,,5.0,3,41% Off
38,321,321 STRONG Massage Foam Roller ,33.05,N,,https://www.noon.com/uae-en/massage-foam-roller/N34146072A/p/?o=a2a03188f88022fc,noon-express,,5.0,19,13% Off
39,LIMOS,LIMOS Sports Yoga Socks for Women Pack Of 3 Pairs ,39,N,4 - 5 Jan,https://www.noon.com/uae-en/sports-yoga-socks-for-women-pack-of-3-pairs/Z8DE7372A006C4309D78BZ/p/?o=z8de7372a006c4309d78bz-1,noon-marketplace,,5.0,13,
40,NNEWVANTE,"NNEWVANTE Nnewvante Silk Sleep Mask, 2 Pack 100% Real Natural Pure Silk Eye Mask with Adjustable Strap, Eye Mask for Sleeping, Eye Sleep Shade Cover, Blocks Light Reduces Puffy Eyes Gifts ",23.90,N,Tomorrow,https://www.noon.com/uae-en/nnewvante-silk-sleep-mask-2-pack-100-real-natural-pure-silk-eye-mask-with-adjustable-strap-eye-mask-for-sleeping-eye-sleep-shade-cover-blocks-light-reduces-puffy-eyes-gifts/Z549615CC1C4033D14D98Z/p/?o=z549615cc1c4033d14d98z-1,noon-express,,3.6,5,33% Off
41,body,body heart Yoga Ball With Air Pump - 65 cm 65cm 65cm ,27.20,N,Tomorrow,https://www.noon.com/uae-en/yoga-ball-with-air-pump-65-cm-65cm-65cm/N16529616A/p/?o=be578ba74d4a4a8f,noon-express,,4.3,62,27% Off
42,Generic,Generic Anti-Tear Exercise Mat With Carrying Strap ,37.35,N,Tomorrow,https://www.noon.com/uae-en/anti-tear-exercise-mat-with-carrying-strap/N20034889A/p/?o=f2d873be1dd8236b,noon-express,,4.3,1.6K,
43,LACOSTE,LACOSTE Lacoste Tote Bag Large Size Black Color ,154.35,Y,Tomorrow,https://www.noon.com/uae-en/lacoste-tote-bag-large-size-black-color/Z3C8DAF40330507AC95A4Z/p/?o=z3c8daf40330507ac95a4z-1,noon-express,,,,48% Off
44,ZCM-HAPPY,ZCM-HAPPY Yoga Fitness Exercise Ball With Air Pump 75cm ,33,Y,Tomorrow,https://www.noon.com/uae-en/yoga-fitness-exercise-ball-with-air-pump-75cm/ZE3FFF1B6FFB81E419224Z/p/?o=ze3fff1b6ffb81e419224z-1,noon-express,,5.0,2,40% Off
45,Vparty,"Vparty Thick Yoga Mat for Home Workout,183x61x0.6cm Non-Slip Exercise Fitness Yoga Mats,Eco-Friendly TPE Exercise Mats for Home Workout with strap & Carrying Bag ",59.90,Y,7 Jan,https://www.noon.com/uae-en/thick-yoga-mat-for-home-workout-183x61x0-6cm-non-slip-exercise-fitness-yoga-mats-eco-friendly-tpe-exercise-mats-for-home-workout-with-strap-carrying-bag/Z08D5C014B433E9836595Z/p/?o=z08d5c014b433e9836595z-1,noon-marketplace,,,,14% Off
46,Spall,"Spall Yoga Mat Non Slip,Yoga Mat with Strap Included 10mm Thick Exercise Mat Yoga and Many Other Home Workouts ",42,N,1 Jan,https://www.noon.com/uae-en/yoga-mat-non-slip-yoga-mat-with-strap-included-10mm-thick-exercise-mat-yoga-and-many-other-home-workouts/Z3859B43C495F32F447DCZ/p/?o=z3859b43c495f32f447dcz-1,noon-express,,4.0,12,47% Off
47,MoKo,MoKo Yoga Blocks 2 Pack Eva Foam Yoga Exercise Bricks 3X9X5inch ,31.15,N,,https://www.noon.com/uae-en/yoga-blocks-2-pack-eva-foam-yoga-exercise-bricks-3x9x5inch/N21462369A/p/?o=ff2eb3323e48878e,,,4.6,14,
48,Emfil,Emfil Anti Skid Yoga Mat ,30.05,N,Tomorrow,https://www.noon.com/uae-en/anti-skid-yoga-mat/N16718794A/p/?o=a5c620b3ccf5175a,noon-express,,4.5,387,
49,RIGID,"RIGID FITNESS Yoga Mat 6mm with Alignments - Anti-Slip TPE Yoga Mat with Carry Bag - Precision Alignment Lines, Lightweight & Durable for All Fitness Exercises - Thick Training Mat - 183*66cm (Green) ",95,N,Tomorrow,https://www.noon.com/uae-en/yoga-mat-6mm-with-alignments-anti-slip-tpe-yoga-mat-with-carry-bag-precision-alignment-lines-lightweight-durable-for-all-fitness-exercises-thick-training-mat-183-66cm-green/ZFC2F5FDADFE479BB0DF4Z/p/?o=zfc2f5fdadfe479bb0df4z-1,noon-express,,5.0,10,
50,RIGID,"RIGID FITNESS Microfiber Gym Towel - Face Towel, Yoga Towel - Quick Dry & High Absorbent Sweat Towel For Gym Exercises and Outdoor - Thick 400Gsm - 75x35cm-Grey ",56,N,,https://www.noon.com/uae-en/microfiber-gym-towel-face-towel-yoga-towel-quick-dry-high-absorbent-sweat-towel-for-gym-exercises-and-outdoor-thick-400gsm-75x35cm-grey/Z0BBD9C7C83B7E8DF4FD6Z/p/?o=f433e986d29277cf,,,4.1,20,
51,ShebSheb,"ShebSheb 3 Pairs Yoga Grip Socks For Women，Pilates Anti Slip Socks Non Slip Socks For Pilates,Yoga, Ballet, Dance ",32.90,N,,https://www.noon.com/uae-en/3-pairs-yoga-grip-socks-for-women-pilates-anti-slip-socks-non-slip-socks-for-pilates-yoga-ballet-dance/Z9743C62986EF85F3D7A2Z/p/?o=e0ee101f5d4c5bfa,,,4.5,19,
52,ROBUST,"ROBUST Robust TPE Yoga Mat, Pilates Double Layer Anti-Slip Eco-Friendly Texture Surface (Size 183cmx 61cm) SGS Certified Position Liens & Hanging Band, Home/Gym Workout Sports Exercise Sports Mattress-Red ",64.95,N,Tomorrow,https://www.noon.com/uae-en/robust-tpe-yoga-mat-pilates-double-layer-anti-slip-eco-friendly-texture-surface-size-183cmx-61cm-sgs-certified-position-liens-hanging-band-home-gym-workout-sports-exercise-sports-mattress-red/ZFC106593CE0107C71748Z/p/?o=zfc106593ce0107c71748z-1,noon-express,,4.9,5,22% Off
53,UKR,UKR UKR Tri-Fold Portable Non-Slip Yoga Mat Fitness Mat Gym Mat Travel Exercise Training Aerobic Mat Fitness Gym & Gymnastics Balance Padded Mat Blue (186*61*6cm) ,129.95,N,1 Jan,https://www.noon.com/uae-en/ukr-tri-fold-portable-non-slip-yoga-mat-fitness-mat-gym-mat-travel-exercise-training-aerobic-mat-fitness-gym-gymnastics-balance-padded-mat-blue-186-61-6cm/Z274EF3F6E0CF52B104EEZ/p/?o=z274ef3f6e0cf52b104eez-1,noon-express,,,,6% Off
54,TA,TA SPORTS EVA Yoga Mat ,19.80,N,,https://www.noon.com/uae-en/eva-yoga-mat/N12408307A/p/?o=bfbd6413ba62b54c,noon-marketplace,,4.6,7,39% Off
55,ShebSheb,ShebSheb Pilates Yoga Mat Thick Non Slip Exercise Mats 8mm TPE for Yoga Workout Pilates Yoga Mats for Women Men ,59.90,N,Tomorrow,https://www.noon.com/uae-en/pilates-yoga-mat-thick-non-slip-exercise-mats-8mm-tpe-for-yoga-workout-pilates-yoga-mats-for-women-men/ZACCFDDC3974DE78FE03AZ/p/?o=zaccfddc3974de78fe03az-1,noon-express,,4.5,11,
56,limodo,limodo Anti-Tear Exercise Mat With Carrying Strap 60x15cm ,46,N,Tomorrow,https://www.noon.com/uae-en/anti-tear-exercise-mat-with-carrying-strap-60x15cm/N48547358A/p/?o=a73e68c31e339e8c,noon-express,,4.9,16,
57,RATSAW,RATSAW High Density Yoga Foam Roller for Back Legs Exercise Massage Muscle Recovery and for Pain Relief Great for Fitness Enthusiasts of all Levels 60Cm Perfect for Developing Core and Stamina ,69,N,Tomorrow,https://www.noon.com/uae-en/high-density-yoga-foam-roller-for-back-legs-exercise-massage-muscle-recovery-and-for-pain-relief-great-for-fitness-enthusiasts-of-all-levels-60cm-perfect-for-developing-core-and-stamina/ZC40EA8B4693C1223B885Z/p/?o=zc40ea8b4693c1223b885z-1,noon-express,,4.3,3,49% Off
58,RIGID,"RIGID FITNESS Yoga Mat 6mm with Alignments - Anti-Slip TPE Yoga Mat with Carry Bag - Precision Alignment Lines, Double Colors, Lightweight & Durable for All Fitness Exercises- 183 * 66cm*0.6cm Thick ",96,N,Tomorrow,https://www.noon.com/uae-en/yoga-mat-6mm-with-alignments-anti-slip-tpe-yoga-mat-with-carry-bag-precision-alignment-lines-double-colors-lightweight-durable-for-all-fitness-exercises-183-66cm-0-6cm-thick/Z576A0EBA8EADCC851199Z/p/?o=z576a0eba8eadcc851199z-1,noon-express,,4.8,28,
59,SKY-TOUCH,SKY-TOUCH 5-In-1 Fitness Foam Roller Set 50cm ,64.50,N,Tomorrow,https://www.noon.com/uae-en/5-in-1-fitness-foam-roller-set-50cm/N39265708A/p/?o=a0325ea104099c8d,noon-express,,4.8,32,
60,body,body heart Yoga Ball With Air Pump - 85 cm 85cm 85cm ,40,N,,https://www.noon.com/uae-en/yoga-ball-with-air-pump-85-cm-85cm-85cm/N16529624A/p/?o=c7ada602455ed8ab,,,4.5,79,
61,MahMir,MahMir MahMir Yoga Mat Anti-Slip Exercise Mat with Carrying Bag Fitness Mat for Pilates 183CM*61CM*6MM Thickness for Woman Man Beginners  Light Green+Black ,49.95,N,Tomorrow,https://www.noon.com/uae-en/mahmir-yoga-mat-anti-slip-exercise-mat-with-carrying-bag-fitness-mat-for-pilates-183cm-61cm-6mm-thickness-for-woman-man-beginners-light-green-black/ZC7C1017CDFCAC890274CZ/p/?o=zc7c1017cdfcac890274cz-1,noon-express,,4.3,27,28% Off
62,YooA,"YooA 3-Pair Non-slip Yoga Socks, Cotton Pilates Socks with Straps, Breathable&Moisture-wicking&Machine-washable, Ideal for Yoga/Pilates/Ballet/Dance/Workout (Pink+Black+Grey, Fit Size 36-42) ",31,N,Tomorrow,https://www.noon.com/uae-en/3-pair-non-slip-yoga-socks-cotton-pilates-socks-with-straps-breathable-moisture-wicking-machine-washable-ideal-for-yoga-pilates-ballet-dance-workout-pink-black-grey-fit-size-36-42/Z28459E600CA113B6F24FZ/p/?o=z28459e600ca113b6f24fz-1,noon-express,,5.0,1,38% Off
63,Kanteen,Kanteen Store Anti Burst Sports Swiss Yoga Aerobic Body Fitness Ball 65cm 65cm ,29.95,N,Tomorrow,https://www.noon.com/uae-en/anti-burst-sports-swiss-yoga-aerobic-body-fitness-ball-65cm-65cm/N22815219A/p/?o=cd4a3abe48782d5a,noon-express,,4.4,295,31% Off
64,yoga,yoga mat Foldable Non-Slip Yoga Mat ,27.90,N,Tomorrow,https://www.noon.com/uae-en/foldable-non-slip-yoga-mat/N34539042A/p/?o=a271a7d3b1751a4c,noon-express,,4.4,48,13% Off
65,Made2Motivate,Made2Motivate Sensory Compression Swing for Kids with Special Needs | Sensory Compression Swing - A Therapeutic and Calming Solution for Sensory Processing Disorder ,250,N,Tomorrow,https://www.noon.com/uae-en/sensory-compression-swing-for-kids-with-special-needs-sensory-compression-swing-a-therapeutic-and-calming-solution-for-sensory-processing-disorder/Z07636371645FF3844EEAZ/p/?o=z07636371645ff3844eeaz-1,noon-express,,,,
66,RIOXS,RIOXS 5 Pairs Yoga Socks For Women Non-Slip Grips & Straps Non Slip Socks For Yoga Pilates Ideal For Pilates Ballet Dance Barefoot Workout ,46.05,N,,https://www.noon.com/uae-en/5-pairs-yoga-socks-for-women-non-slip-grips-straps-non-slip-socks-for-yoga-pilates-ideal-for-pilates-ballet-dance-barefoot-workout/Z288231EEFD4008FE0C11Z/p/?o=z288231eefd4008fe0c11z-1,noon-express,,,,53% Off
67,RIOXS,RIOXS 5 Pairs Yoga Socks For Women Non-Slip Grips & Straps Non Slip Socks For Yoga Pilates Ideal For Pilates Ballet Dance Barefoot Workout ,41.45,N,,https://www.noon.com/uae-en/5-pairs-yoga-socks-for-women-non-slip-grips-straps-non-slip-socks-for-yoga-pilates-ideal-for-pilates-ballet-dance-barefoot-workout/Z60F077CA3FE2E737E759Z/p/?o=z60f077ca3fe2e737e759z-1,noon-express,,4.4,3,51% Off
68,Longchamp,"Longchamp Longchamp Women's Mini Makeup Bag, Handbag, Shoulder Bag Black Classic（Strapless） ",168.50,Y,Tomorrow,https://www.noon.com/uae-en/longchamp-women-s-mini-makeup-bag-handbag-shoulder-bag-black-classic-strapless/Z798FC1A11A054EC807C5Z/p/?o=z798fc1a11a054ec807c5z-1,noon-express,,,,57% Off
69,Folanry,"Folanry EVA Cork Splicing Yoga Block,2 Pack,22.8x15.2x7.6cm, High-density Double-sided Anti-slip Wear-resistant Yoga Brick with Comfortable Edge to Improve Balance, Strength and Flexibility ",46.20,Y,Tomorrow,https://www.noon.com/uae-en/eva-cork-splicing-yoga-block-2-pack-22-8x15-2x7-6cm-high-density-double-sided-anti-slip-wear-resistant-yoga-brick-with-comfortable-edge-to-improve-balance-strength-and-flexibility/Z418087CAC07977787D7BZ/p/?o=z418087cac07977787d7bz-1,noon-express,,,,18% Off
70,Vparty,"Vparty Thick Yoga Mat for Home Workout,183x61x0.6cm Non-Slip Exercise Fitness Yoga Mats,Eco-Friendly TPE Exercise Mats for Home Workout with strap & Carrying Bag ",59.90,Y,7 Jan,https://www.noon.com/uae-en/thick-yoga-mat-for-home-workout-183x61x0-6cm-non-slip-exercise-fitness-yoga-mats-eco-friendly-tpe-exercise-mats-for-home-workout-with-strap-carrying-bag/Z26D85EAC144F1FA830BDZ/p/?o=z26d85eac144f1fa830bdz-1,noon-marketplace,,5.0,3,14% Off
71,SYOSI,"SYOSI Peanut Ball, Exercise Yoga Balance Stability Sitting Ball, Anti Burst Exercise Ball for Labor Birthing, Kids Sensory Toys, for Home & Gym Fintness, Include Pump & Yoga Strap ",80.85,N,1 Jan,https://www.noon.com/uae-en/peanut-ball-exercise-yoga-balance-stability-sitting-ball-anti-burst-exercise-ball-for-labor-birthing-kids-sensory-toys-for-home-gym-fintness-include-pump-yoga-strap/ZE378C4D5073C6CFA3791Z/p/?o=ze378c4d5073c6cfa3791z-1,noon-express,,,,
72,Made2Motivate,Made2Motivate Sensory Compression Swing for Kids with Special Needs | Sensory Compression Swing - A Therapeutic and Calming Solution for Sensory Processing Disorder ,250,N,7 Jan,https://www.noon.com/uae-en/sensory-compression-swing-for-kids-with-special-needs-sensory-compression-swing-a-therapeutic-and-calming-solution-for-sensory-processing-disorder/Z7FA5F23DDFD4E9BFF5BBZ/p/?o=z7fa5f23ddfd4e9bff5bbz-1,noon-marketplace,,,,
73,Longchamp,"Longchamp Longchamp women's large tote bag, handbag, shoulder bag, navy blue classic style Topic: ",163.90,Y,Tomorrow,https://www.noon.com/uae-en/longchamp-women-s-large-tote-bag-handbag-shoulder-bag-navy-blue-classic-style-topic/ZA20A29558D85EF0EDB9EZ/p/?o=za20a29558d85ef0edb9ez-1,noon-express,,,,59% Off
74,MahMir,"MahMir Mahmir® EVA Foam Roller for Yoga, Deep Tissue Massage, Stretching, Physical Therapy, Relieve Stress, Improve Mobility with Foam Roller for Legs and Muscles - Deep Tissue Massage Tool (Light Blue) ",29.95,Y,Tomorrow,https://www.noon.com/uae-en/mahmir-eva-foam-roller-for-yoga-deep-tissue-massage-stretching-physical-therapy-relieve-stress-improve-mobility-with-foam-roller-for-legs-and-muscles-deep-tissue-massage-tool-light-blue/Z1FFBA90CF03B4E1CDF5CZ/p/?o=z1ffba90cf03b4e1cdf5cz-1,noon-express,,3.4,3,
75,Longchamp,"Longchamp Longchamp women's large tote bag, handbag, shoulder bag black classic style ",163.90,Y,Tomorrow,https://www.noon.com/uae-en/longchamp-women-s-large-tote-bag-handbag-shoulder-bag-black-classic-style/ZE94894E319EC24478F43Z/p/?o=ze94894e319ec24478f43z-1,noon-express,,,,59% Off
76,RIGID,"RIGID FITNESS Microfiber Gym Towel - Face Towel, Yoga Towel - Quick Dry & High Absorbent Sweat Towel For Gym Exercises and Outdoor - Thick 400Gsm - 75x35cm-Blue ",56,N,,https://www.noon.com/uae-en/microfiber-gym-towel-face-towel-yoga-towel-quick-dry-high-absorbent-sweat-towel-for-gym-exercises-and-outdoor-thick-400gsm-75x35cm-blue/Z27B189348DAD2773CDD0Z/p/?o=f5b7d1fb1532282d,,,4.7,10,
77,Lemon,"Lemon Gym Towel - Face Towel, Yoga Towel - Quick Dry & High Absorbent Sweat Towel For Gym Exercises and Outdoor 30x80cm(Orange) ",31.50,N,Tomorrow,https://www.noon.com/uae-en/gym-towel-face-towel-yoga-towel-quick-dry-high-absorbent-sweat-towel-for-gym-exercises-and-outdoor-30x80cm-orange/Z798FE02F648C364D7D66Z/p/?o=z798fe02f648c364d7d66z-1,noon-express,,,,30% Off
78,RIGID,"RIGID FITNESS 6mm Anti-Slip TPE Yoga Mat with Strap, Bag - Knee Support, Non-Slip, Lightweight for Yoga, Pilates, Fitness, Home Workouts 183*66 cm (Gold/Black) ",96,N,Tomorrow,https://www.noon.com/uae-en/6mm-anti-slip-tpe-yoga-mat-with-strap-bag-knee-support-non-slip-lightweight-for-yoga-pilates-fitness-home-workouts-183-66-cm-gold-black/Z66B112C708303963BEC4Z/p/?o=z66b112c708303963bec4z-1,noon-express,,4.5,11,
79,Bluelans,Bluelans Women Sport Pilates Yoga Non Slip Grip Socks ,25,N,,https://www.noon.com/uae-en/women-sport-pilates-yoga-non-slip-grip-socks/N26672267A/p/?o=ce18cfff6cbd4ccc,,,4.5,38,
80,Spall,"Spall Yoga Mat Non Slip,Yoga Mat with Strap Included 10mm Thick Exercise Mat Yoga and Many Other Home Workouts ",46.20,N,1 Jan,https://www.noon.com/uae-en/yoga-mat-non-slip-yoga-mat-with-strap-included-10mm-thick-exercise-mat-yoga-and-many-other-home-workouts/ZC6C9145A3D25DF55B11AZ/p/?o=zc6c9145a3d25df55b11az-1,noon-express,,,,42% Off
81,NNEWVANTE,"NNEWVANTE Nnewvante Silk Sleep Mask, 2 Pack 100% Real Natural Pure Silk Eye Mask with Adjustable Strap, Eye Mask for Sleeping, Eye Sleep Shade Cover, Blocks Light Reduces Puffy Eyes Gifts ",23.90,Y,Tomorrow,https://www.noon.com/uae-en/nnewvante-silk-sleep-mask-2-pack-100-real-natural-pure-silk-eye-mask-with-adjustable-strap-eye-mask-for-sleeping-eye-sleep-shade-cover-blocks-light-reduces-puffy-eyes-gifts/Z549615CC1C4033D14D98Z/p/?o=z549615cc1c4033d14d98z-1,noon-express,,3.6,5,33% Off
82,URbazaar,"URbazaar Yoga Mat for Women and Men, Extra Long and Wide Exercise Mat(72""x24""), Large Non Slip Workout Mat for Yoga, Pilates, Fitness, Barefoot Workouts, Home Gym Studio ",50.90,Y,Tomorrow,https://www.noon.com/uae-en/yoga-mat-for-women-and-men-extra-long-and-wide-exercise-mat-72-x24-large-non-slip-workout-mat-for-yoga-pilates-fitness-barefoot-workouts-home-gym-studio/Z603FF8FD1BFB572D8D9FZ/p/?o=z603ff8fd1bfb572d8d9fz-1,noon-express,,4.7,3,27% Off
83,BODY,BODY SCULPTURE Yoga And Exercise Mat With Strap 6ml ,32,N,Tomorrow,https://www.noon.com/uae-en/yoga-and-exercise-mat-with-strap-6ml/N11005258A/p/?o=fc937d235888d83b,noon-express,,4.7,5,59% Off
84,RIOXS,"RIOXS Yoga Cushion,Round Yoga Bolster,Zabuton Meditation Pad,Fitness Meditation Bolster With Organic Cotton Cover Kneeling Pillow,Premium Yoga Pillow For Sitting On Floor Zippered Cotton Cover ",51,N,,https://www.noon.com/uae-en/yoga-cushion-round-yoga-bolster-zabuton-meditation-pad-fitness-meditation-bolster-with-organic-cotton-cover-kneeling-pillow-premium-yoga-pillow-for-sitting-on-floor-zippered-cotton-cover/Z622228D93A841324C164Z/p/?o=z622228d93a841324c164z-1,noon-express,,5.0,2,48% Off
85,Reebok,Reebok Yoga Mat - 4MM ,59,N,Tomorrow,https://www.noon.com/uae-en/yoga-mat-4mm/Z0B890FB207D88CE803BCZ/p/?o=z0b890fb207d88ce803bcz-1,noon-express,,5.0,2,41% Off
86,Generic,Generic Pilates Yoga Bed Yoga Studio Pilates Core Bed Pilates Training Bed Strength Adjustment Stainless Steel Yoga Training Bed ,"1,569",Y,1 Jan,https://www.noon.com/uae-en/pilates-yoga-bed-yoga-studio-pilates-core-bed-pilates-training-bed-strength-adjustment-stainless-steel-yoga-training-bed/Z3C8FFE396E1C4B2EFA2DZ/p/?o=z3c8ffe396e1c4b2efa2dz-1,noon-express,,,,37% Off
87,WENBO,WENBO Set of 2 Yoga Blocks EVA Foam High Density Non Slip Yoga Bricks For Meditation Balance Exercise ,25,N,Tomorrow,https://www.noon.com/uae-en/set-of-2-yoga-blocks-eva-foam-high-density-non-slip-yoga-bricks-for-meditation-balance-exercise/ZD6C0242EBD64EE1D929FZ/p/?o=zd6c0242ebd64ee1d929fz-1,noon-express,,,,
88,Gaiam,Gaiam 4Mm Yoga Mat ,34,N,Tomorrow,https://www.noon.com/uae-en/4mm-yoga-mat/Z5A00200A1A8412A43DDCZ/p/?o=z5a00200a1a8412a43ddcz-1,noon-express,,5.0,1,72% Off
89,ZCM-HAPPY,"ZCM-HAPPY Yoga Mat with Straps, Non-Slip TPE Pilates Fitness Mat for Home Exercise and Meditation 183x61x0.6cm ",44,N,Tomorrow,https://www.noon.com/uae-en/yoga-mat-with-straps-non-slip-tpe-pilates-fitness-mat-for-home-exercise-and-meditation-183x61x0-6cm/ZA4D68DC410E6B28CE258Z/p/?o=za4d68dc410e6b28ce258z-1,noon-express,,,,
90,Fazza,"Fazza 3 Pairs Non Slip Socks, Women Fashion All Season Socks, Sports Casual Simple Striped Colors, for Pilates Yoga, Barre Ballet Dance, Fitness, Football, Mid-Tube Socks Free Size ",48.40,Y,Tomorrow,https://www.noon.com/uae-en/3-pairs-non-slip-socks-women-fashion-all-season-socks-sports-casual-simple-striped-colors-for-pilates-yoga-barre-ballet-dance-fitness-football-mid-tube-socks-free-size/ZD7445E31DDB7FA7F9DA9Z/p/?o=zd7445e31ddb7fa7f9da9z-1,noon-express,,4.0,1,35% Off
91,Align-Pilates,Align-Pilates Align-Pilates Leg Extensions for R8-Pro Pilates Reformer ,230,Y,Tomorrow,https://www.noon.com/uae-en/align-pilates-leg-extensions-for-r8-pro-pilates-reformer/Z4F92579021C1CA25613BZ/p/?o=z4f92579021c1ca25613bz-1,noon-marketplace,Mega Deal,,,8% Off
92,Longchamp,"Longchamp Longchamp Women's Mini Makeup Bag, Handbag, Shoulder Bag Steel Grey Classic ",168.50,Y,Tomorrow,https://www.noon.com/uae-en/longchamp-women-s-mini-makeup-bag-handbag-shoulder-bag-steel-grey-classic/ZA63BF70F800CF9C3D86DZ/p/?o=za63bf70f800cf9c3d86dz-1,noon-express,,,,57% Off
93,GROIC,"GROIC 12 Pack Puzzle Exercise Floor Mat, EVA Foam Mats with Interlocking Floor Tiles, 12'' x 12'' Foam Gym Mat, Protective Flooring Mats Interlocking for Home and Gym Equipment (Navy Blue) ",69.35,N,Tomorrow,https://www.noon.com/uae-en/12-pack-puzzle-exercise-floor-mat-eva-foam-mats-with-interlocking-floor-tiles-12-x-12-foam-gym-mat-protective-flooring-mats-interlocking-for-home-and-gym-equipment-navy-blue/Z4EAB1F3B4BA3811C89EBZ/p/?o=z4eab1f3b4ba3811c89ebz-1,noon-express,,5.0,1,65% Off
94,MahMir,"MahMir Mahmir® EVA Foam Roller for Yoga, Deep Tissue Massage, Stretching, Physical Therapy, Relieve Stress, Improve Mobility with Foam Roller for Legs and Muscles - Deep Tissue Massage Tool (Pink) ",29.95,Y,Tomorrow,https://www.noon.com/uae-en/mahmir-eva-foam-roller-for-yoga-deep-tissue-massage-stretching-physical-therapy-relieve-stress-improve-mobility-with-foam-roller-for-legs-and-muscles-deep-tissue-massage-tool-pink/Z30868C98E61D2ABA2621Z/p/?o=z30868c98e61d2aba2621z-1,noon-express,,4.0,8,
95,GROIC,"GROIC Yoga Mat Bag with Large Size Pocket，Multipurpose and Beautiful Bag,Yoga Mat Carrier Tote, Holds More Yoga Accessories ",76.35,N,Tomorrow,https://www.noon.com/uae-en/yoga-mat-bag-with-large-size-pocket-multipurpose-and-beautiful-bag-yoga-mat-carrier-tote-holds-more-yoga-accessories/Z1E54BEB86583EFE979F7Z/p/?o=z1e54beb86583efe979f7z-1,noon-express,,5.0,1,61% Off
96,Iron,Iron Gym Yogamat W/Cary Strp 4Mm Eva ,28.50,N,Tomorrow,https://www.noon.com/uae-en/yogamat-w-cary-strp-4mm-eva/Z5D6B458450EDA22809DAZ/p/?o=z5d6b458450eda22809daz-1,noon-express,,,,
97,OASIS-TH,OASIS-TH 5 Pairs Yoga Socks for Women Nylon Pure Cotton Non slip Section Bandage Sports Ballet Dance Sock Moisture Absorption Perspiration ,41,N,Tomorrow,https://www.noon.com/uae-en/5-pairs-yoga-socks-for-women-nylon-pure-cotton-non-slip-section-bandage-sports-ballet-dance-sock-moisture-absorption-perspiration/Z8BCB3E5E62E976607323Z/p/?o=z8bcb3e5e62e976607323z-1,noon-express,,,,53% Off
98,Cool,Cool Baby Yoga Foam Roller ,42.25,N,Tomorrow,https://www.noon.com/uae-en/yoga-foam-roller/N48797189A/p/?o=c194847cd94e357c,noon-express,,4.5,15,64% Off
99,RATSAW,RATSAW Peanut Massage Ball Double Lacrosse Massage Ball and Mobility Ball for Physical Therapy Deep Tissue Massage Tool for Myofascial Release Muscle Relaxer Acupoint Massage ,54.95,N,Tomorrow,https://www.noon.com/uae-en/peanut-massage-ball-double-lacrosse-massage-ball-and-mobility-ball-for-physical-therapy-deep-tissue-massage-tool-for-myofascial-release-muscle-relaxer-acupoint-massage/Z8C9F4980D1842904D03DZ/p/?o=z8c9f4980d1842904d03dz-1,noon-express,,5.0,2,38% Off
100,RIOXS,"RIOXS Yoga Mats,10 mm  Extra Thick High Density Exercise Mat With Bandage And Carrying Bag,Anti-Tear Non-Slip Pad,Cushy Floor Pad For Pilates Yoga Fitness ",55.35,N,Tomorrow,https://www.noon.com/uae-en/yoga-mats-10-mm-extra-thick-high-density-exercise-mat-with-bandage-and-carrying-bag-anti-tear-non-slip-pad-cushy-floor-pad-for-pilates-yoga-fitness/Z27BECF3A78CAC9727858Z/p/?o=z27becf3a78cac9727858z-1,noon-express,,,,37% Off
101,Prickly,"Prickly Pear Black Stripe Crew Non-Slip Barre/Yoga/Pilates Socks, Womens, One Size Fits Most ",35,N,Tomorrow,https://www.noon.com/uae-en/black-stripe-crew-non-slip-barre-yoga-pilates-socks-womens-one-size-fits-most/ZECCF4089909DD00827F7Z/p/?o=zeccf4089909dd00827f7z-1,noon-express,,,,16% Off
102,Generic,"Generic 5 Packs Cooling Towel, Quick Dry Sports Towel for Yoga Fitness Golf Tennis Camping Games，Fitness Towel(30x80cm) ",28.75,Y,Tomorrow,https://www.noon.com/uae-en/5-packs-cooling-towel-quick-dry-sports-towel-for-yoga-fitness-golf-tennis-camping-games-fitness-towel-30x80cm/ZD47F076F0E799BD13A58Z/p/?o=zd47f076f0e799bd13a58z-1,noon-express,,,,64% Off
103,SAPU,SAPU Multifunctional Yoga Bag With Shoe Space 45x24x24cm ,30.05,N,,https://www.noon.com/uae-en/multifunctional-yoga-bag-with-shoe-space-45x24x24cm/N38925462A/p/?o=c0e81cec490a953a,noon-express,,4.4,45,33% Off
104,ShebSheb,"ShebSheb Pilates Yoga Board - 2024 Pilates Reformer Set, Multi-Purpose Foldable Pilates Reformer Board for Home, 5 in 1 Pilates Sliding Board ",179.90,N,Tomorrow,https://www.noon.com/uae-en/pilates-yoga-board-2024-pilates-reformer-set-multi-purpose-foldable-pilates-reformer-board-for-home-5-in-1-pilates-sliding-board/ZFD22C478ADF2595D7DB0Z/p/?o=zfd22c478adf2595d7db0z-1,noon-express,,,,
105,ECVV,"ECVV Yoga Stretch Strap Belt Waist Leg Fitness Athletic Stretch Band With Metal D Ring Buckle Loop For Yoga,Pilates,Physical Therapy,Dance,Gym Workouts Exercise & Fitness, Purple ",21.40,N,Tomorrow,https://www.noon.com/uae-en/yoga-stretch-strap-belt-waist-leg-fitness-athletic-stretch-band-with-metal-d-ring-buckle-loop-for-yoga-pilates-physical-therapy-dance-gym-workouts-exercise-fitness-purple/ZEC84DB1467D14E109E7FZ/p/?o=zec84db1467d14e109e7fz-1,noon-express,,,,
106,Kanteen,Kanteen Store Anti Burst Yoga Ball  Fitness Gym Exercise Home Pregnancy 65cm ,25.90,N,Tomorrow,https://www.noon.com/uae-en/anti-burst-yoga-ball-fitness-gym-exercise-home-pregnancy-65cm/N44860791A/p/?o=aab53a1167db93ce,noon-express,,3.5,10,15% Off
107,Spall,"Spall Yoga Mat Non Slip,Yoga Mat with Strap Included 10mm Thick Exercise Mat Yoga and Many Other Home Workouts ",42,N,3 Jan,https://www.noon.com/uae-en/yoga-mat-non-slip-yoga-mat-with-strap-included-10mm-thick-exercise-mat-yoga-and-many-other-home-workouts/ZA3EF4D0BF060CAC7F4CDZ/p/?o=za3ef4d0bf060cac7f4cdz-1,noon-marketplace,,5.0,1,47% Off
108,Maston,Maston Anti-Slip Exercise Mat TPE Eco Friendly Fitness Mat for Pilates Non Slip Yoga Mat (6mm) ,48.50,N,Tomorrow,https://www.noon.com/uae-en/anti-slip-exercise-mat-tpe-eco-friendly-fitness-mat-for-pilates-non-slip-yoga-mat-6mm/Z876169D1715C82600BC7Z/p/?o=z876169d1715c82600bc7z-1,noon-express,,3.3,5,29% Off
109,Fitness,Fitness World Sand Weight For Hands And Feet ,31.55,N,,https://www.noon.com/uae-en/sand-weight-for-hands-and-feet/N12519693A/p/?o=c343597454cb101c,noon-express,,3.8,28,21% Off
110,LACOSTE,LACOSTE Lacoste Tote Bag Large Size Black Color ,154.35,Y,Tomorrow,https://www.noon.com/uae-en/lacoste-tote-bag-large-size-black-color/Z3C8DAF40330507AC95A4Z/p/?o=z3c8daf40330507ac95a4z-1,noon-express,,,,48% Off
111,ZCM-HAPPY,ZCM-HAPPY Yoga Fitness Exercise Ball With Air Pump 75cm ,33,Y,Tomorrow,https://www.noon.com/uae-en/yoga-fitness-exercise-ball-with-air-pump-75cm/ZE3FFF1B6FFB81E419224Z/p/?o=ze3fff1b6ffb81e419224z-1,noon-express,,5.0,2,40% Off
112,Vparty,"Vparty Thick Yoga Mat for Home Workout,183x61x0.6cm Non-Slip Exercise Fitness Yoga Mats,Eco-Friendly TPE Exercise Mats for Home Workout with strap & Carrying Bag ",59.90,Y,7 Jan,https://www.noon.com/uae-en/thick-yoga-mat-for-home-workout-183x61x0-6cm-non-slip-exercise-fitness-yoga-mats-eco-friendly-tpe-exercise-mats-for-home-workout-with-strap-carrying-bag/Z08D5C014B433E9836595Z/p/?o=z08d5c014b433e9836595z-1,noon-marketplace,,,,14% Off
113,Fitness,Fitness World Yoga Ball 65cm ,28.25,N,Tomorrow,https://www.noon.com/uae-en/yoga-ball-65cm/N18842285A/p/?o=c6c50cb7bb2af91c,noon-express,,3.7,98,15% Off
114,Prickly,Prickly Pear Prickly Pear Daydream Yoga Mat Suede Top Non-Slip 4mm - Premium Yoga Mat with Suede Top and Strap Ideal for Home or Studio Use ,275,N,Tomorrow,https://www.noon.com/uae-en/prickly-pear-daydream-yoga-mat-suede-top-non-slip-4mm-premium-yoga-mat-with-suede-top-and-strap-ideal-for-home-or-studio-use/Z27DA01CB188BC45BD1CDZ/p/?o=z27da01cb188bc45bd1cdz-1,noon-express,,,,33% Off
115,Generic,Generic 6 Pairs Anti Slip Yoga Socks For Women，Non Slip Socks Pilates Socks For Yoga，Pilates，Ballet，Dance，Workout ,36,N,Tomorrow,https://www.noon.com/uae-en/6-pairs-anti-slip-yoga-socks-for-women-non-slip-socks-pilates-socks-for-yoga-pilates-ballet-dance-workout/Z7918EF223E8946F8A08CZ/p/?o=z7918ef223e8946f8a08cz-1,noon-express,,5.0,3,
116,Manduka,Manduka PRO YOGA MAT 71 ELDERBERRY 71 INCH ,630,N,5 Jan,https://www.noon.com/uae-en/pro-yoga-mat-71-elderberry-71-inch/Z64D992D4011EDA48B6D1Z/p/?o=z64d992d4011eda48b6d1z-1,noon-marketplace,,,,
117,BODY,BODY SCULPTURE Anti-Burst Gymball 22inch ,29,N,,https://www.noon.com/uae-en/anti-burst-gymball-22inch/N15766475A/p/?o=aa55acf5331967ae,,,3.8,3,34% Off
118,WENBO,WENBO Pilates Exercise Resistance Band Pilates Stick For Man Women Home Gym Workout Fitness Yoga (Pink) ,28,N,Tomorrow,https://www.noon.com/uae-en/pilates-exercise-resistance-band-pilates-stick-for-man-women-home-gym-workout-fitness-yoga-pink/Z8FBFEA550DEC00C9F00BZ/p/?o=z8fbfea550dec00c9f00bz-1,noon-express,,,,30% Off
119,DBLEW,DBLEW Professional 9mm Thick Anti Fatigue Yoga Mat Knees Supportive Non Slip Fitness Home Exercise Eco Friendly Ideal For All Types Of Pilates Floor Workouts Gym Stretching Grip Rug 60x185cm ,35.55,N,Tomorrow,https://www.noon.com/uae-en/professional-9mm-thick-anti-fatigue-yoga-mat-knees-supportive-non-slip-fitness-home-exercise-eco-friendly-ideal-for-all-types-of-pilates-floor-workouts-gym-stretching-grip-rug-60x185cm/Z7629AECE3D1738ADB979Z/p/?o=z7629aece3d1738adb979z-1,noon-express,,4.0,6,64% Off
120,ZCM-HAPPY,ZCM-HAPPY Portable Pilates Bar Kit with Resistance Bands for Full-Body Toning – Yoga and Pilates Exercise Stick for Home Gym ,29,N,Tomorrow,https://www.noon.com/uae-en/portable-pilates-bar-kit-with-resistance-bands-for-full-body-toning-yoga-and-pilates-exercise-stick-for-home-gym/ZA665A3190C8A2AF9ADD0Z/p/?o=za665a3190c8a2af9add0z-1,noon-express,,5.0,1,73% Off
121,Unique,"Unique Resistance Bands, Elastic Exercise Bands for Working Out, Physical Therapy, Recovery, Yoga, Pilates, Strength Training ",24,N,Tomorrow,https://www.noon.com/uae-en/resistance-bands-elastic-exercise-bands-for-working-out-physical-therapy-recovery-yoga-pilates-strength-training/Z44692B2FD732E550BC63Z/p/?o=z44692b2fd732e550bc63z-1,noon-express,,4.8,5,51% Off
122,GROIC,GROIC 5 Pcs Pilates Ring Set Yoga Fitness Magic Circle Pilates Equipment for Home Workouts Fitness kit Includes Burst Resistant Pilates Mini Ball & Highly Elastic Resistance Bands ,89.60,N,,https://www.noon.com/uae-en/5-pcs-pilates-ring-set-yoga-fitness-magic-circle-pilates-equipment-for-home-workouts-fitness-kit-includes-burst-resistant-pilates-mini-ball-highly-elastic-resistance-bands/ZA9BFB7369713E4E6A4A8Z/p/?o=a3cf917d4499993f,,,,,77% Off
123,Spall,"Spall Yoga Mat Non Slip,Yoga Mat with Strap Included 10mm Thick Exercise Mat Yoga and Many Other Home Workouts ",42,N,3 Jan,https://www.noon.com/uae-en/yoga-mat-non-slip-yoga-mat-with-strap-included-10mm-thick-exercise-mat-yoga-and-many-other-home-workouts/Z4247101839A17521A8B9Z/p/?o=z4247101839a17521a8b9z-1,noon-marketplace,,5.0,5,47% Off
124,TOEON,TOEON Anti-Slip Fitness Gliding Disc 7x4inch ,18.80,N,,https://www.noon.com/uae-en/anti-slip-fitness-gliding-disc-7x4inch/N28558717A/p/?o=f2c3215cb1c4129f,noon-express,,4.8,8,53% Off
125,ZCM-HAPPY,ZCM-HAPPY Sports Fitness Home Core Training Charm Glide Mat ,29,N,Tomorrow,https://www.noon.com/uae-en/sports-fitness-home-core-training-charm-glide-mat/ZB747EE88CD78DA987DB5Z/p/?o=zb747ee88cd78da987db5z-1,noon-express,,,,
126,Inder,Inder Yoga Sticks Training for Posture Corrector Humpback Correction Stick Yoga Open Back Men Women Posture Trainer Corrector ,24.55,N,Tomorrow,https://www.noon.com/uae-en/yoga-sticks-training-for-posture-corrector-humpback-correction-stick-yoga-open-back-men-women-posture-trainer-corrector/Z1BA7F8A85269F90D7440Z/p/?o=z1ba7f8a85269f90d7440z-1,noon-express,,2.7,5,37% Off
127,Tanyaz,"Tanyaz Yoga Stretch Belt with Loops, Ankle Ligament Stretcher for Enhanced Flexibility Training, Rehab, Pilates, Dance, Gymnastics, and Fitness Workouts ",29.90,N,Tomorrow,https://www.noon.com/uae-en/yoga-stretch-belt-with-loops-ankle-ligament-stretcher-for-enhanced-flexibility-training-rehab-pilates-dance-gymnastics-and-fitness-workouts/Z4B0C5DC46D21D3C1F36EZ/p/?o=z4b0c5dc46d21d3c1f36ez-1,noon-express,,,,62% Off
128,Fitness,Fitness World Exercise Swiss Ball 75cm ,28.25,N,,https://www.noon.com/uae-en/exercise-swiss-ball-75cm/N16660086A/p/?o=f8e727a9bac64c8b,noon-express,,4.2,48,25% Off
129,GROIC,"GROIC 2 Pack Cooling Towel, Workout Towel Ice Towel for Neck, Fast Drying Towel Set Microfiber Towel Soft Breathable Chilly Towel for Sports Gym Yoga Camping Running Fitness 100 * 30 CM ",44.50,N,,https://www.noon.com/uae-en/2-pack-cooling-towel-workout-towel-ice-towel-for-neck-fast-drying-towel-set-microfiber-towel-soft-breathable-chilly-towel-for-sports-gym-yoga-camping-running-fitness-100-30-cm/Z7D426D60DFB4630B88C7Z/p/?o=z7d426d60dfb4630b88c7z-1,noon-express,,,,77% Off
130,DBLEW,DBLEW Professional 7mm Thick Anti Fatigue Yoga Mat Knees Supportive Anti Slip Fitness Home Exercise EVA Eco Friendly Ideal For All Types Of Pilates Floor ABS Belly Tummy Fat Workouts Gym Stretching 90x190cm ,38.70,N,Tomorrow,https://www.noon.com/uae-en/professional-7mm-thick-anti-fatigue-yoga-mat-knees-supportive-anti-slip-fitness-home-exercise-eva-eco-friendly-ideal-for-all-types-of-pilates-floor-abs-belly-tummy-fat-workouts-gym-stretching-90x190cm/ZC4C03318E131D261B483Z/p/?o=zc4c03318e131d261b483z-1,noon-express,,,,61% Off
131,ZCM-HAPPY,ZCM-HAPPY Pilates Fitness Circle Ring 38X38cm ,29,N,Tomorrow,https://www.noon.com/uae-en/pilates-fitness-circle-ring-38x38cm/ZE3F3A653578F50941C04Z/p/?o=ze3f3a653578f50941c04z-1,noon-express,,,,17% Off
132,Gaiam,Gaiam Grey Grippy Yoga Socks (Small/Medium) ,36,N,Tomorrow,https://www.noon.com/uae-en/grey-grippy-yoga-socks-small-medium/Z22EB583A4C468078EAA1Z/p/?o=z22eb583a4c468078eaa1z-1,noon-express,,,,45% Off
133,Generic,Generic Deep Tissue Massage Foam Roller 13x6inch ,26.60,N,Tomorrow,https://www.noon.com/uae-en/deep-tissue-massage-foam-roller-13x6inch/N16543590A/p/?o=c22408b51db7aaef,noon-express,,4.6,72,
134,Loquat,Loquat Adult Soft Bottom Dance Shoes Ballet Yoga Shoes Dancing Shoes Beige Color ,39,N,Tomorrow,https://www.noon.com/uae-en/adult-soft-bottom-dance-shoes-ballet-yoga-shoes-dancing-shoes-beige-color/Z0F095971CF7A77BEEE8BZ/p/?o=z0f095971cf7a77beee8bz-11,noon-express,,,,
135,Longchamp,"Longchamp Longchamp Women's Mini Makeup Bag, Handbag, Shoulder Bag Black Classic（Strapless） ",168.50,Y,Tomorrow,https://www.noon.com/uae-en/longchamp-women-s-mini-makeup-bag-handbag-shoulder-bag-black-classic-strapless/Z798FC1A11A054EC807C5Z/p/?o=z798fc1a11a054ec807c5z-1,noon-express,,,,57% Off
136,Folanry,"Folanry EVA Cork Splicing Yoga Block,2 Pack,22.8x15.2x7.6cm, High-density Double-sided Anti-slip Wear-resistant Yoga Brick with Comfortable Edge to Improve Balance, Strength and Flexibility ",46.20,Y,Tomorrow,https://www.noon.com/uae-en/eva-cork-splicing-yoga-block-2-pack-22-8x15-2x7-6cm-high-density-double-sided-anti-slip-wear-resistant-yoga-brick-with-comfortable-edge-to-improve-balance-strength-and-flexibility/Z418087CAC07977787D7BZ/p/?o=z418087cac07977787d7bz-1,noon-express,,,,18% Off
137,Vparty,"Vparty Thick Yoga Mat for Home Workout,183x61x0.6cm Non-Slip Exercise Fitness Yoga Mats,Eco-Friendly TPE Exercise Mats for Home Workout with strap & Carrying Bag ",59.90,Y,7 Jan,https://www.noon.com/uae-en/thick-yoga-mat-for-home-workout-183x61x0-6cm-non-slip-exercise-fitness-yoga-mats-eco-friendly-tpe-exercise-mats-for-home-workout-with-strap-carrying-bag/Z26D85EAC144F1FA830BDZ/p/?o=z26d85eac144f1fa830bdz-1,noon-marketplace,,5.0,3,14% Off
138,EBMINI,EBMINI Thick Anti Slip Home Fitness Yoga Mat ,99,N,,https://www.noon.com/uae-en/thick-anti-slip-home-fitness-yoga-mat/Z0B8A1FE8F77AB4E9B0F8Z/p/?o=z0b8a1fe8f77ab4e9b0f8z-2,noon-marketplace,,,,74% Off
139,Generic,Generic 6 Pairs Anti Slip Yoga Socks For Women，Non Slip Socks Pilates Socks For Yoga，Pilates，Ballet，Dance，Workout ,39.90,N,Tomorrow,https://www.noon.com/uae-en/6-pairs-anti-slip-yoga-socks-for-women-non-slip-socks-pilates-socks-for-yoga-pilates-ballet-dance-workout/ZFA0A82BB77B4B873251FZ/p/?o=zfa0a82bb77b4b873251fz-1,noon-express,,,,
140,Longchamp,"Longchamp Longchamp women's large tote bag, handbag, shoulder bag, navy blue classic style Topic: ",163.90,Y,Tomorrow,https://www.noon.com/uae-en/longchamp-women-s-large-tote-bag-handbag-shoulder-bag-navy-blue-classic-style-topic/ZA20A29558D85EF0EDB9EZ/p/?o=za20a29558d85ef0edb9ez-1,noon-express,,,,59% Off
141,MahMir,"MahMir Mahmir® EVA Foam Roller for Yoga, Deep Tissue Massage, Stretching, Physical Therapy, Relieve Stress, Improve Mobility with Foam Roller for Legs and Muscles - Deep Tissue Massage Tool (Light Blue) ",29.95,Y,Tomorrow,https://www.noon.com/uae-en/mahmir-eva-foam-roller-for-yoga-deep-tissue-massage-stretching-physical-therapy-relieve-stress-improve-mobility-with-foam-roller-for-legs-and-muscles-deep-tissue-massage-tool-light-blue/Z1FFBA90CF03B4E1CDF5CZ/p/?o=z1ffba90cf03b4e1cdf5cz-1,noon-express,,3.4,3,
142,Longchamp,"Longchamp Longchamp women's large tote bag, handbag, shoulder bag black classic style ",163.90,Y,Tomorrow,https://www.noon.com/uae-en/longchamp-women-s-large-tote-bag-handbag-shoulder-bag-black-classic-style/ZE94894E319EC24478F43Z/p/?o=ze94894e319ec24478f43z-1,noon-express,,,,59% Off
143,Prickly,Prickly Pear Prickly Pear Daydream Yoga Mat Suede Top Non-Slip 4mm - Premium Yoga Mat with Suede Top and Strap Ideal for Home or Studio Use ,275,N,Tomorrow,https://www.noon.com/uae-en/prickly-pear-daydream-yoga-mat-suede-top-non-slip-4mm-premium-yoga-mat-with-suede-top-and-strap-ideal-for-home-or-studio-use/Z27DA01CB188BC45BD1CDZ/p/?o=z27da01cb188bc45bd1cdz-1,noon-express,,,,33% Off
144,Other,Other Manufacturer Intelligent punch force tester Punch explosive force tester Force tester vent target sandbag wall target sandbag ,168,N,Tomorrow,https://www.noon.com/uae-en/intelligent-punch-force-tester-punch-explosive-force-tester-force-tester-vent-target-sandbag-wall-target-sandbag/Z1504A948D99AE199BD3CZ/p/?o=z1504a948d99ae199bd3cz-1,noon-express,,5.0,1,20% Off
145,Teuuea,"Teuuea 2 PCS Yoga Cork Block, High Density Non-Slip Natural Cork Yoga Brick, Eco-Friendly Supportive Exercise Accessory, Stability Balance for Yoga Pilates Stretching Toning Workouts, 22.5*14.7*7.5CM ",55.95,N,Tomorrow,https://www.noon.com/uae-en/2-pcs-yoga-cork-block-high-density-non-slip-natural-cork-yoga-brick-eco-friendly-supportive-exercise-accessory-stability-balance-for-yoga-pilates-stretching-toning-workouts-22-5-14-7-7-5cm/Z15D61B8E79FCD0BC2FDCZ/p/?o=z15d61b8e79fcd0bc2fdcz-1,noon-express,,5.0,1,44% Off
146,Longchamp,"Longchamp Longchamp Women's Mini Makeup Bag, Handbag, Shoulder Bag Black Classic（Strapless） ",168.50,Y,Tomorrow,https://www.noon.com/uae-en/longchamp-women-s-mini-makeup-bag-handbag-shoulder-bag-black-classic-strapless/Z798FC1A11A054EC807C5Z/p/?o=z798fc1a11a054ec807c5z-1,noon-express,,,,57% Off
147,MahMir,"MahMir Mahmir® EVA Foam Roller for Yoga, Deep Tissue Massage, Stretching, Physical Therapy, Relieve Stress, Improve Mobility with Foam Roller for Legs and Muscles - Deep Tissue Massage Tool (Pink) ",29.95,N,,https://www.noon.com/uae-en/mahmir-eva-foam-roller-for-yoga-deep-tissue-massage-stretching-physical-therapy-relieve-stress-improve-mobility-with-foam-roller-for-legs-and-muscles-deep-tissue-massage-tool-pink/Z30868C98E61D2ABA2621Z/p/?o=f86054bcf9ab9e2f,,,4.0,8,
148,Generic,Generic Pilates Fitness Circle Ring 38 x 38cm ,176.25,N,,https://www.noon.com/uae-en/pilates-fitness-circle-ring-38-x-38cm/N20034885A/p/?o=c8360f50e9d2d89e,noon-marketplace,,4.7,13,19% Off
149,NNEWVANTE,"NNEWVANTE Nnewvante Silk Sleep Mask, 2 Pack 100% Real Natural Pure Silk Eye Mask with Adjustable Strap, Eye Mask for Sleeping, Eye Sleep Shade Cover, Blocks Light Reduces Puffy Eyes Gifts ",23.90,Y,Tomorrow,https://www.noon.com/uae-en/nnewvante-silk-sleep-mask-2-pack-100-real-natural-pure-silk-eye-mask-with-adjustable-strap-eye-mask-for-sleeping-eye-sleep-shade-cover-blocks-light-reduces-puffy-eyes-gifts/Z549615CC1C4033D14D98Z/p/?o=z549615cc1c4033d14d98z-1,noon-express,,3.6,5,33% Off
150,Folanry,"Folanry EVA Cork Splicing Yoga Block,2 Pack,22.8x15.2x7.6cm, High-density Double-sided Anti-slip Wear-resistant Yoga Brick with Comfortable Edge to Improve Balance, Strength and Flexibility ",46.20,Y,Tomorrow,https://www.noon.com/uae-en/eva-cork-splicing-yoga-block-2-pack-22-8x15-2x7-6cm-high-density-double-sided-anti-slip-wear-resistant-yoga-brick-with-comfortable-edge-to-improve-balance-strength-and-flexibility/Z418087CAC07977787D7BZ/p/?o=z418087cac07977787d7bz-1,noon-express,,,,18% Off
151,Vparty,"Vparty Thick Yoga Mat for Home Workout,183x61x0.6cm Non-Slip Exercise Fitness Yoga Mats,Eco-Friendly TPE Exercise Mats for Home Workout with strap & Carrying Bag ",59.90,Y,7 Jan,https://www.noon.com/uae-en/thick-yoga-mat-for-home-workout-183x61x0-6cm-non-slip-exercise-fitness-yoga-mats-eco-friendly-tpe-exercise-mats-for-home-workout-with-strap-carrying-bag/Z26D85EAC144F1FA830BDZ/p/?o=z26d85eac144f1fa830bdz-1,noon-marketplace,,5.0,3,14% Off
152,URbazaar,"URbazaar Yoga Mat for Women and Men, Extra Long and Wide Exercise Mat(72""x24""), Large Non Slip Workout Mat for Yoga, Pilates, Fitness, Barefoot Workouts, Home Gym Studio ",50.90,Y,Tomorrow,https://www.noon.com/uae-en/yoga-mat-for-women-and-men-extra-long-and-wide-exercise-mat-72-x24-large-non-slip-workout-mat-for-yoga-pilates-fitness-barefoot-workouts-home-gym-studio/Z603FF8FD1BFB572D8D9FZ/p/?o=z603ff8fd1bfb572d8d9fz-1,noon-express,,4.7,3,27% Off
153,Generic,Generic Anti-Tear Exercise Mat With Carrying Strap ,34,N,3 Jan,https://www.noon.com/uae-en/anti-tear-exercise-mat-with-carrying-strap/N20034893A/p/?o=c06c6668cbbcc5fc,noon-marketplace,,4.5,1.1K,
154,Gaiam,Gaiam 6Mm Premium Tribal Wisdom Yoga Mat ,50,N,Tomorrow,https://www.noon.com/uae-en/6mm-premium-tribal-wisdom-yoga-mat/ZE3AE3C2A87B662CA54F9Z/p/?o=ze3ae3c2a87b662ca54f9z-1,noon-express,,,,72% Off
155,Adidas,Adidas Fitness Mat - 10Mm - Solar Red ,132,N,Tomorrow,https://www.noon.com/uae-en/fitness-mat-10mm-solar-red/ZEA24FB40EFA91537125FZ/p/?o=zea24fb40efa91537125fz-1,noon-express,,,,32% Off
156,Longchamp,"Longchamp Longchamp women's large tote bag, handbag, shoulder bag, navy blue classic style Topic: ",163.90,Y,Tomorrow,https://www.noon.com/uae-en/longchamp-women-s-large-tote-bag-handbag-shoulder-bag-navy-blue-classic-style-topic/ZA20A29558D85EF0EDB9EZ/p/?o=za20a29558d85ef0edb9ez-1,noon-express,,,,59% Off
157,ioga,"ioga ioga Premium Balance, Serenity & Journey Yoga Mat Non-Slip | Sport Ultra Comfort Excercise Mat | BALANCE ",300,N,Tomorrow,https://www.noon.com/uae-en/ioga-premium-balance-serenity-journey-yoga-mat-non-slip-sport-ultra-comfort-excercise-mat-balance/Z728AA99CFE70F1763C26Z/p/?o=z728aa99cfe70f1763c26z-1,noon-express,,,,
158,Prickly,Prickly Pear Prickly Pear Beige Rollable 4mm Non-Slip Yoga Mat with Carry Strap/Stretching Tool - Premium Exercise Mat ,275,N,Tomorrow,https://www.noon.com/uae-en/prickly-pear-beige-rollable-4mm-non-slip-yoga-mat-with-carry-strap-stretching-tool-premium-exercise-mat/ZCBE37221BDED873009B5Z/p/?o=zcbe37221bded873009b5z-1,noon-express,,,,33% Off
159,MahMir,"MahMir Mahmir® EVA Foam Roller for Yoga, Deep Tissue Massage, Stretching, Physical Therapy, Relieve Stress, Improve Mobility with Foam Roller for Legs and Muscles - Deep Tissue Massage Tool (Light Blue) ",29.95,Y,Tomorrow,https://www.noon.com/uae-en/mahmir-eva-foam-roller-for-yoga-deep-tissue-massage-stretching-physical-therapy-relieve-stress-improve-mobility-with-foam-roller-for-legs-and-muscles-deep-tissue-massage-tool-light-blue/Z1FFBA90CF03B4E1CDF5CZ/p/?o=z1ffba90cf03b4e1cdf5cz-1,noon-express,,3.4,3,
160,Longchamp,"Longchamp Longchamp women's large tote bag, handbag, shoulder bag black classic style ",163.90,Y,Tomorrow,https://www.noon.com/uae-en/longchamp-women-s-large-tote-bag-handbag-shoulder-bag-black-classic-style/ZE94894E319EC24478F43Z/p/?o=ze94894e319ec24478f43z-1,noon-express,,,,59% Off
161,Generic,Generic Pilates Yoga Bed Yoga Studio Pilates Core Bed Pilates Training Bed Strength Adjustment Stainless Steel Yoga Training Bed ,"1,569",Y,1 Jan,https://www.noon.com/uae-en/pilates-yoga-bed-yoga-studio-pilates-core-bed-pilates-training-bed-strength-adjustment-stainless-steel-yoga-training-bed/Z3C8FFE396E1C4B2EFA2DZ/p/?o=z3c8ffe396e1c4b2efa2dz-1,noon-express,,,,37% Off
162,RIGID,"RIGID FITNESS 6mm Anti-Slip TPE Yoga Mat with Strap, Bag - Knee Support, Non-Slip, Lightweight for Yoga, Pilates, Fitness, Home Workouts 183*66 cm (Pink/Black) ",96,N,Tomorrow,https://www.noon.com/uae-en/6mm-anti-slip-tpe-yoga-mat-with-strap-bag-knee-support-non-slip-lightweight-for-yoga-pilates-fitness-home-workouts-183-66-cm-pink-black/Z2B5045D950DFD7AE4E59Z/p/?o=z2b5045d950dfd7ae4e59z-1,noon-express,,4.6,23,
163,Generic,Generic Set Of 2 Yoga Block Props Brick ,23.30,N,Tomorrow,https://www.noon.com/uae-en/set-of-2-yoga-block-props-brick/N30510957A/p/?o=da284812d39a3a2c,noon-express,,4.7,35,
164,Sweet,"Sweet seven Women's Non-Slip Pilates Socks with Grips - Perfect for Yoga, Ballet, Dance, and Barefoot Workouts - Anti-Skid Crew Socks - Set of 4 ",83.95,N,Tomorrow,https://www.noon.com/uae-en/women-s-non-slip-pilates-socks-with-grips-perfect-for-yoga-ballet-dance-and-barefoot-workouts-anti-skid-crew-socks-set-of-4/ZAB57DC624A6EE9AFFB80Z/p/?o=zab57dc624a6ee9affb80z-1,noon-express,,,,
165,ShebSheb,ShebSheb Foldable Yoga Mat Sport Mat Lightweight And 6mm Thick TPE Yoga Mat Non Slip For Yoga Pilates Fitness Workouts Travel ,59.90,N,,https://www.noon.com/uae-en/foldable-yoga-mat-sport-mat-lightweight-and-6mm-thick-tpe-yoga-mat-non-slip-for-yoga-pilates-fitness-workouts-travel/ZD6CF2A9B753E3ADECD65Z/p/?o=fe9f3f9835ea622a,,,5.0,8,
166,Longchamp,Longchamp Longchamp Le Pliage Original Large Burgundy Tote Bag for Women L1899089P87 ,165,N,Tomorrow,https://www.noon.com/uae-en/longchamp-le-pliage-original-large-burgundy-tote-bag-for-women-l1899089p87/Z43AAD20FFFC5E940AD7EZ/p/?o=z43aad20fffc5e940ad7ez-1,noon-express,,,,
167,Fazza,"Fazza 3 Pairs Non Slip Socks, Women Fashion All Season Socks, Sports Casual Simple Striped Colors, for Pilates Yoga, Barre Ballet Dance, Fitness, Football, Mid-Tube Socks Free Size ",48.40,Y,Tomorrow,https://www.noon.com/uae-en/3-pairs-non-slip-socks-women-fashion-all-season-socks-sports-casual-simple-striped-colors-for-pilates-yoga-barre-ballet-dance-fitness-football-mid-tube-socks-free-size/ZD7445E31DDB7FA7F9DA9Z/p/?o=zd7445e31ddb7fa7f9da9z-1,noon-express,,4.0,1,35% Off
168,Generic,Generic Pilates Yoga Wedge Massage Correction Yoga Foam Kyphosis Correction Detachable Large Spine Yoga Equipment ,239.20,N,Tomorrow,https://www.noon.com/uae-en/pilates-yoga-wedge-massage-correction-yoga-foam-kyphosis-correction-detachable-large-spine-yoga-equipment/Z71D2A7D3F17EC01F37A7Z/p/?o=z71d2a7d3f17ec01f37a7z-1,noon-express,,,,20% Off
169,ShebSheb,"ShebSheb 3 Pairs Yoga Socks For Women，Non Slip Socks Pilates Socks For Yoga,Pilates， Ballet, Dance, Workout, Hospital ",34.90,N,Tomorrow,https://www.noon.com/uae-en/3-pairs-yoga-socks-for-women-non-slip-socks-pilates-socks-for-yoga-pilates-ballet-dance-workout-hospital/Z8CF3FA558D36FE67901DZ/p/?o=z8cf3fa558d36fe67901dz-1,noon-express,,4.8,36,
170,Align-Pilates,Align-Pilates Align-Pilates Leg Extensions for R8-Pro Pilates Reformer ,230,Y,Tomorrow,https://www.noon.com/uae-en/align-pilates-leg-extensions-for-r8-pro-pilates-reformer/Z4F92579021C1CA25613BZ/p/?o=z4f92579021c1ca25613bz-1,noon-marketplace,Mega Deal,,,8% Off
171,Longchamp,"Longchamp Longchamp Women's Mini Makeup Bag, Handbag, Shoulder Bag Steel Grey Classic ",168.50,Y,Tomorrow,https://www.noon.com/uae-en/longchamp-women-s-mini-makeup-bag-handbag-shoulder-bag-steel-grey-classic/ZA63BF70F800CF9C3D86DZ/p/?o=za63bf70f800cf9c3d86dz-1,noon-express,,,,57% Off
172,MahMir,"MahMir MahMir® Yoga Cork Block – Supportive, Sustainable Cork with Non-Slip Surface, Exercise Accessory for Yoga, Pilates, and General Fitness, Natural Cork Blocks Size 9""x6""x3"" (2pcs pack) ",59.95,N,,https://www.noon.com/uae-en/mahmir-yoga-cork-block-supportive-sustainable-cork-with-non-slip-surface-exercise-accessory-for-yoga-pilates-and-general-fitness-natural-cork-blocks-size-9-x6-x3-2pcs-pack/ZB6E61CE23B29DAF85955Z/p/?o=fae71ce02e9b7d0e,,,4.7,4,14% Off
173,NNEWVANTE,"NNEWVANTE Nnewvante Silk Sleep Mask, 2 Pack 100% Real Natural Pure Silk Eye Mask with Adjustable Strap, Eye Mask for Sleeping, Eye Sleep Shade Cover, Blocks Light Reduces Puffy Eyes Gifts ",23.90,Y,Tomorrow,https://www.noon.com/uae-en/nnewvante-silk-sleep-mask-2-pack-100-real-natural-pure-silk-eye-mask-with-adjustable-strap-eye-mask-for-sleeping-eye-sleep-shade-cover-blocks-light-reduces-puffy-eyes-gifts/Z549615CC1C4033D14D98Z/p/?o=z549615cc1c4033d14d98z-1,noon-express,,3.6,5,33% Off
174,Pro,Pro Hanson Yoga Mat With Carry Strap ,33.80,N,Tomorrow,https://www.noon.com/uae-en/yoga-mat-with-carry-strap/N16718791A/p/?o=f25de7bd9fb95d5b,noon-express,,4.4,535,
175,MahMir,"MahMir Mahmir® EVA Foam Roller for Yoga, Deep Tissue Massage, Stretching, Physical Therapy, Relieve Stress, Improve Mobility with Foam Roller for Legs and Muscles - Deep Tissue Massage Tool (Pink) ",29.95,Y,Tomorrow,https://www.noon.com/uae-en/mahmir-eva-foam-roller-for-yoga-deep-tissue-massage-stretching-physical-therapy-relieve-stress-improve-mobility-with-foam-roller-for-legs-and-muscles-deep-tissue-massage-tool-pink/Z30868C98E61D2ABA2621Z/p/?o=z30868c98e61d2aba2621z-1,noon-express,,4.0,8,
176,URbazaar,"URbazaar Yoga Mat for Women and Men, Extra Long and Wide Exercise Mat(72""x24""), Large Non Slip Workout Mat for Yoga, Pilates, Fitness, Barefoot Workouts, Home Gym Studio ",50.90,Y,Tomorrow,https://www.noon.com/uae-en/yoga-mat-for-women-and-men-extra-long-and-wide-exercise-mat-72-x24-large-non-slip-workout-mat-for-yoga-pilates-fitness-barefoot-workouts-home-gym-studio/Z603FF8FD1BFB572D8D9FZ/p/?o=z603ff8fd1bfb572d8d9fz-1,noon-express,,4.7,3,27% Off
177,Tchibo,"Tchibo Smart Rope, Black ",65.55,N,Tomorrow,https://www.noon.com/uae-en/smart-rope-black/Z094F319E930025A3EA39Z/p/?o=z094f319e930025a3ea39z-1,noon-express,,,,65% Off
178,Generic,Generic COOLBABY Pilates Yoga Wedge Massage Correction Yoga Foam Kyphosis Correction Detachable Large Spine Yoga Equipment ,269.10,N,Tomorrow,https://www.noon.com/uae-en/coolbaby-pilates-yoga-wedge-massage-correction-yoga-foam-kyphosis-correction-detachable-large-spine-yoga-equipment/ZAE8C2CF4AD119E9007A2Z/p/?o=zae8c2cf4ad119e9007a2z-1,noon-express,,,,9% Off
179,Gaiam,Gaiam YOGA BEGINNERS KIT PURPLE ,135,N,Tomorrow,https://www.noon.com/uae-en/yoga-beginners-kit-purple/Z289B3A2E126D59A5F635Z/p/?o=z289b3a2e126d59a5f635z-1,noon-express,,,,15% Off
180,Prickly,Prickly Pear Prickly Pear Wander Print Non-Slip 4mm Yoga Mat with Strap - Premium Exercise Mat ,275,N,Tomorrow,https://www.noon.com/uae-en/prickly-pear-wander-print-non-slip-4mm-yoga-mat-with-strap-premium-exercise-mat/ZC656414B1613DAAB6747Z/p/?o=zc656414b1613daab6747z-1,noon-express,,,,33% Off
181,MahMir,MahMir MahMir Yoga Mat Anti-Slip Exercise Mat with Carrying Bag Fitness Mat for Pilates 183CM*61CM*6MM Thickness for Woman Man Beginners (Green + Black) ,49.95,N,Tomorrow,https://www.noon.com/uae-en/mahmir-yoga-mat-anti-slip-exercise-mat-with-carrying-bag-fitness-mat-for-pilates-183cm-61cm-6mm-thickness-for-woman-man-beginners-green-black/Z5BB144BA6576302F7275Z/p/?o=z5bb144ba6576302f7275z-1,noon-express,,4.8,8,28% Off
182,Prickly,Prickly Pear Prickly Pear Find Balance Non-Slip Suede Top 4mm Yoga Mat with Carry Strap - Premium Exercise Mat ,275,N,Tomorrow,https://www.noon.com/uae-en/prickly-pear-find-balance-non-slip-suede-top-4mm-yoga-mat-with-carry-strap-premium-exercise-mat/ZE0945F73B44BF98DDBAEZ/p/?o=ze0945f73b44bf98ddbaez-1,noon-express,,,,33% Off
183,Generic,Generic Pilates Yoga Bed Yoga Studio Pilates Core Bed Pilates Training Bed Strength Adjustment Stainless Steel Yoga Training Bed ,"1,569",Y,1 Jan,https://www.noon.com/uae-en/pilates-yoga-bed-yoga-studio-pilates-core-bed-pilates-training-bed-strength-adjustment-stainless-steel-yoga-training-bed/Z3C8FFE396E1C4B2EFA2DZ/p/?o=z3c8ffe396e1c4b2efa2dz-1,noon-express,,,,37% Off
184,Prickly,Prickly Pear Prickly Pear Wander Print Non-Slip Suede Top 1mm Travel Yoga Mat - Lightweight and Portable ,160,N,Tomorrow,https://www.noon.com/uae-en/prickly-pear-wander-print-non-slip-suede-top-1mm-travel-yoga-mat-lightweight-and-portable/Z77ADCFB0785D9F108D97Z/p/?o=z77adcfb0785d9f108d97z-1,noon-express,,,,33% Off
185,Generic,Generic Round Massager Roller For Waist Abdominal Muscles Ring Leg Clip Stovepipe To Clear The Meridian Portable Cellulite Massage ,140,N,Tomorrow,https://www.noon.com/uae-en/round-massager-roller-for-waist-abdominal-muscles-ring-leg-clip-stovepipe-to-clear-the-meridian-portable-cellulite-massage/ZB78840EF57490BD48D7BZ/p/?o=zb78840ef57490bd48d7bz-1,noon-express,,,,
186,GROIC,"GROIC 4 in 1 Yoga Roller Set Trigger Point Yoga Roller, Massage Roller Stick, Massage Ball, for Deep Stretching Muscle Massage Pilates Yoga, Fitness Exercise for Whole Body Release ",92.95,N,Tomorrow,https://www.noon.com/uae-en/4-in-1-yoga-roller-set-trigger-point-yoga-roller-massage-roller-stick-massage-ball-for-deep-stretching-muscle-massage-pilates-yoga-fitness-exercise-for-whole-body-release/ZE9AB84A227A954972F0EZ/p/?o=ze9ab84a227a954972f0ez-1,noon-express,,5.0,3,53% Off
187,Longchamp,"Longchamp Longchamp Women's Mini Makeup Bag, Handbag, Shoulder Bag Black Classic（Strapless） ",168.50,N,Tomorrow,https://www.noon.com/uae-en/longchamp-women-s-mini-makeup-bag-handbag-shoulder-bag-black-classic-strapless/Z798FC1A11A054EC807C5Z/p/?o=z798fc1a11a054ec807c5z-1,noon-express,,,,57% Off
188,Generic,Generic Pilates Bar Kit with Resistance Bands 150LBS Resistance Bands Set with Bar Portable Pilates Equipment ,120,N,Tomorrow,https://www.noon.com/uae-en/pilates-bar-kit-with-resistance-bands-150lbs-resistance-bands-set-with-bar-portable-pilates-equipment/ZBD63D22D7E92C0DD530EZ/p/?o=zbd63d22d7e92c0dd530ez-1,noon-express,,5.0,1,20% Off
189,Generic,"Generic 6Pcs Cooling Towel, Ice Sports Towel, Cool Towel for Instant Cooling,for Yoga, Travel, Golf, Gym,Camping, Fitness, Running, Workout & More Activities (31.5""x11.8"") ",28.30,N,Tomorrow,https://www.noon.com/uae-en/6pcs-cooling-towel-ice-sports-towel-cool-towel-for-instant-cooling-for-yoga-travel-golf-gym-camping-fitness-running-workout-more-activities-31-5-x11-8/Z3D591942C928706275A9Z/p/?o=z3d591942c928706275a9z-1,noon-express,,,,71% Off
190,Generic,"Generic 5 Packs Cooling Towel, Quick Dry Sports Towel for Yoga Fitness Golf Tennis Camping Games，Fitness Towel(30x80cm) ",28.75,Y,Tomorrow,https://www.noon.com/uae-en/5-packs-cooling-towel-quick-dry-sports-towel-for-yoga-fitness-golf-tennis-camping-games-fitness-towel-30x80cm/ZD47F076F0E799BD13A58Z/p/?o=zd47f076f0e799bd13a58z-1,noon-express,,,,64% Off
191,BRIGHTLY,"BRIGHTLY LABS Yoga Mat Non Slip, Eco Friendly Pro Exercise Mat 5MM, Extra Wide and Extra Long, Ideal for All Types of Yoga, Pilates, Floor Workouts Best Gift Choice ",297,N,Tomorrow,https://www.noon.com/uae-en/yoga-mat-non-slip-eco-friendly-pro-exercise-mat-5mm-extra-wide-and-extra-long-ideal-for-all-types-of-yoga-pilates-floor-workouts-best-gift-choice/Z2B6178E8DCE999B3A6F7Z/p/?o=z2b6178e8dce999b3a6f7z-1,noon-express,,,,33% Off
192,Fazza,"Fazza 3 Pairs Non Slip Socks, Women Fashion All Season Socks, Sports Casual Simple Striped Colors, for Pilates Yoga, Barre Ballet Dance, Fitness, Football, Mid-Tube Socks Free Size ",48.40,Y,Tomorrow,https://www.noon.com/uae-en/3-pairs-non-slip-socks-women-fashion-all-season-socks-sports-casual-simple-striped-colors-for-pilates-yoga-barre-ballet-dance-fitness-football-mid-tube-socks-free-size/ZD7445E31DDB7FA7F9DA9Z/p/?o=zd7445e31ddb7fa7f9da9z-1,noon-express,,4.0,1,35% Off
193,MahMir,MahMir MahMir Yoga Mat Anti Slip Exercise Mat with Carrying Bag Fitness Mat for Pilates 183CMX61CMX6MM Thickness for Woman Man Beginners (Dark Grey + Black) ,49.95,N,Tomorrow,https://www.noon.com/uae-en/mahmir-yoga-mat-anti-slip-exercise-mat-with-carrying-bag-fitness-mat-for-pilates-183cmx61cmx6mm-thickness-for-woman-man-beginners-dark-grey-black/Z83C8A1AAB21D372A0063Z/p/?o=z83c8a1aab21d372a0063z-1,noon-express,,4.5,30,28% Off
194,Made2Motivate,Made2Motivate Pack of 6 Portable Stability Balance Pods Foot Press Massager Yoga Kids Induction Trainer With Free Tote ,125,N,Tomorrow,https://www.noon.com/uae-en/pack-of-6-portable-stability-balance-pods-foot-press-massager-yoga-kids-induction-trainer-with-free-tote/ZCB05C6600D34D93CCAD5Z/p/?o=zcb05c6600d34d93ccad5z-1,noon-express,,,,
195,ioga,"ioga ioga Premium Balance, Serenity & Journey Yoga Mat Non-Slip | Sport Ultra Comfort Excercise Mat | SERENITY ",300,N,Tomorrow,https://www.noon.com/uae-en/ioga-premium-balance-serenity-journey-yoga-mat-non-slip-sport-ultra-comfort-excercise-mat-serenity/ZD7DD73F66CA79C93166EZ/p/?o=zd7dd73f66ca79c93166ez-2,noon-express,,,,
196,Fitness,Fitness World Anti-Slip Yoga Mat With Carry Strap ,37.80,N,Tomorrow,https://www.noon.com/uae-en/anti-slip-yoga-mat-with-carry-strap/N27330175A/p/?o=f2f2a89d50d79c1a,noon-express,,4.1,216,
197,Align-Pilates,Align-Pilates Align-Pilates Leg Extensions for R8-Pro Pilates Reformer ,230,Y,Tomorrow,https://www.noon.com/uae-en/align-pilates-leg-extensions-for-r8-pro-pilates-reformer/Z4F92579021C1CA25613BZ/p/?o=z4f92579021c1ca25613bz-1,noon-marketplace,Mega Deal,,,8% Off
198,Longchamp,"Longchamp Longchamp Women's Mini Makeup Bag, Handbag, Shoulder Bag Steel Grey Classic ",168.50,Y,Tomorrow,https://www.noon.com/uae-en/longchamp-women-s-mini-makeup-bag-handbag-shoulder-bag-steel-grey-classic/ZA63BF70F800CF9C3D86DZ/p/?o=za63bf70f800cf9c3d86dz-1,noon-express,,,,57% Off
199,Prickly,Prickly Pear Prickly Pear Daydream Non-Slip Suede Top 1mm Travel Yoga Mat - Portable Yoga Mat for Travel ,160,N,Tomorrow,https://www.noon.com/uae-en/prickly-pear-daydream-non-slip-suede-top-1mm-travel-yoga-mat-portable-yoga-mat-for-travel/Z5364B7401B46DD83668DZ/p/?o=z5364b7401b46dd83668dz-1,noon-express,,5.0,1,33% Off
200,Prickly,Prickly Pear Prickly Pear Ink Non-Slip Suede Top 1mm Travel Yoga Mat - Compact Fitness Accessory ,160,N,Tomorrow,https://www.noon.com/uae-en/prickly-pear-ink-non-slip-suede-top-1mm-travel-yoga-mat-compact-fitness-accessory/ZCABA0D20B8B2B76D13B2Z/p/?o=zcaba0d20b8b2b76d13b2z-1,noon-express,,5.0,1,33% Off
201,MahMir,MahMir MahMir Yoga Mat Anti-Slip Exercise Mat with Carrying Bag Fitness Mat for Pilates 183CM*61CM*6MM Thickness for Woman Man Beginners  Light Green+Black ,49.95,N,Tomorrow,https://www.noon.com/uae-en/mahmir-yoga-mat-anti-slip-exercise-mat-with-carrying-bag-fitness-mat-for-pilates-183cm-61cm-6mm-thickness-for-woman-man-beginners-light-green-black/ZC7C1017CDFCAC890274CZ/p/?o=zc7c1017cdfcac890274cz-1,noon-express,,4.3,27,28% Off
202,MahMir,"MahMir Mahmir® EVA Foam Roller for Yoga, Deep Tissue Massage, Stretching, Physical Therapy, Relieve Stress, Improve Mobility with Foam Roller for Legs and Muscles - Deep Tissue Massage Tool (Pink) ",29.95,Y,Tomorrow,https://www.noon.com/uae-en/mahmir-eva-foam-roller-for-yoga-deep-tissue-massage-stretching-physical-therapy-relieve-stress-improve-mobility-with-foam-roller-for-legs-and-muscles-deep-tissue-massage-tool-pink/Z30868C98E61D2ABA2621Z/p/?o=z30868c98e61d2aba2621z-1,noon-express,,4.0,8,
203,RIOXS,"RIOXS Thick Yoga Mat with Carrier Strap, Non-Slip High-density Exercise Mat, Pilates Fitness Mat, Non-toxic Odorless Mat, Easy to Store and Clean, 183*61*0.6cm ",49,N,Tomorrow,https://www.noon.com/uae-en/thick-yoga-mat-with-carrier-strap-non-slip-high-density-exercise-mat-pilates-fitness-mat-non-toxic-odorless-mat-easy-to-store-and-clean-183-61-0-6cm/ZF2B03482D2851AC75A96Z/p/?o=zf2b03482d2851ac75a96z-1,noon-express,,2.8,3,16% Off
204,YQbest,YQbest Shaft Muscle Relaxer Massage Roller Stovepipe Calf Elimination Stick Yoga Fitness Equipment ,42,N,Tomorrow,https://www.noon.com/uae-en/shaft-muscle-relaxer-massage-roller-stovepipe-calf-elimination-stick-yoga-fitness-equipment/Z9800D2995A4F4BF2D452Z/p/?o=z9800d2995a4f4bf2d452z-1,noon-express,,,,28% Off
205,Adidas,Adidas Training Mat - 10Mm - Red ,132,N,Tomorrow,https://www.noon.com/uae-en/training-mat-10mm-red/Z02D819D2E69D3C19F2C0Z/p/?o=z02d819d2e69d3c19f2c0z-1,noon-express,,,,32% Off
206,LACOSTE,LACOSTE Lacoste Tote Bag Large Size Black Color ,154.35,Y,Tomorrow,https://www.noon.com/uae-en/lacoste-tote-bag-large-size-black-color/Z3C8DAF40330507AC95A4Z/p/?o=z3c8daf40330507ac95a4z-1,noon-express,,,,48% Off
207,ZCM-HAPPY,ZCM-HAPPY Yoga Fitness Exercise Ball With Air Pump 75cm ,33,Y,Tomorrow,https://www.noon.com/uae-en/yoga-fitness-exercise-ball-with-air-pump-75cm/ZE3FFF1B6FFB81E419224Z/p/?o=ze3fff1b6ffb81e419224z-1,noon-express,,5.0,2,40% Off
208,Vparty,"Vparty Thick Yoga Mat for Home Workout,183x61x0.6cm Non-Slip Exercise Fitness Yoga Mats,Eco-Friendly TPE Exercise Mats for Home Workout with strap & Carrying Bag ",59.90,Y,7 Jan,https://www.noon.com/uae-en/thick-yoga-mat-for-home-workout-183x61x0-6cm-non-slip-exercise-fitness-yoga-mats-eco-friendly-tpe-exercise-mats-for-home-workout-with-strap-carrying-bag/Z08D5C014B433E9836595Z/p/?o=z08d5c014b433e9836595z-1,noon-marketplace,,,,14% Off
209,Fitness,Fitness World Sand Weight For Hands And Feet ,31.55,N,,https://www.noon.com/uae-en/sand-weight-for-hands-and-feet/N12519693A/p/?o=c343597454cb101c,noon-express,,3.8,28,21% Off
210,GROIC,"GROIC 6 Pack Puzzle Exercise Floor Mat, EVA Foam Mats with Interlocking Floor Tiles, 12'' x 12'' Foam Gym Mat, Protective Flooring Mats Interlocking for Home and Gym Equipment ",46.45,N,,https://www.noon.com/uae-en/6-pack-puzzle-exercise-floor-mat-eva-foam-mats-with-interlocking-floor-tiles-12-x-12-foam-gym-mat-protective-flooring-mats-interlocking-for-home-and-gym-equipment/Z182933F3500879193E71Z/p/?o=da0241bdb66533cc,,,3.0,3,76% Off
211,RATSAW,RATSAW High Density Yoga Foam Roller for Back Legs Exercise Massage Muscle Recovery and for Pain Relief Great for Fitness Enthusiasts of all Levels 60Cm Perfect for Developing Core and Stamina ,69,N,Tomorrow,https://www.noon.com/uae-en/high-density-yoga-foam-roller-for-back-legs-exercise-massage-muscle-recovery-and-for-pain-relief-great-for-fitness-enthusiasts-of-all-levels-60cm-perfect-for-developing-core-and-stamina/ZC40EA8B4693C1223B885Z/p/?o=zc40ea8b4693c1223b885z-1,noon-express,,4.3,3,49% Off
212,Eworld,"Eworld Anti-slip Yoga Sports and Exercise Mat with Carrying Strap Water Repellent Moisture Proof for Home and Gym, Grey ",34.95,N,1 Jan,https://www.noon.com/uae-en/anti-slip-yoga-sports-and-exercise-mat-with-carrying-strap-water-repellent-moisture-proof-for-home-and-gym-grey/Z32CADD1858C6D6393BC3Z/p/?o=z32cadd1858c6d6393bc3z-1,noon-express,,,,
213,Arabest,"Arabest Rope Skipping Soundproof Mats, Shock-Absorbing Mats, Large Yoga Mats, Padded Indoor Sports Mats, And Static for Fitness Users Sound Cushion ",52.20,N,Tomorrow,https://www.noon.com/uae-en/rope-skipping-soundproof-mats-shock-absorbing-mats-large-yoga-mats-padded-indoor-sports-mats-and-static-for-fitness-users-sound-cushion/Z4FBC5C3351A2A3E1283BZ/p/?o=z4fbc5c3351a2a3e1283bz-1,noon-express,,,,
214,RIGID,"RIGID FITNESS Thick Yoga Mat 8mm - Knees Supportive Exercise Mat - for Yoga, Pilates, Fitness Exercises and Home Exercise Fitness Mat - Non-Slip Yoga Gym Mat With Carrying Bag - 183*66cm (Green/Black) ",126,N,Tomorrow,https://www.noon.com/uae-en/thick-yoga-mat-8mm-knees-supportive-exercise-mat-for-yoga-pilates-fitness-exercises-and-home-exercise-fitness-mat-non-slip-yoga-gym-mat-with-carrying-bag-183-66cm-green-black/Z3ECE31D6665E7DFAC159Z/p/?o=z3ece31d6665e7dfac159z-1,noon-express,,4.3,17,
215,BODY,BODY SCULPTURE Anti-Burst Gymball 30inch ,46,N,,https://www.noon.com/uae-en/anti-burst-gymball-30inch/N16241886A/p/?o=c0e12db586759f2b,,,4.3,7,51% Off
216,Generic,"Generic 5 Packs Cooling Towel, Quick Dry Sports Towel for Yoga Fitness Golf Tennis Camping Games，Fitness Towel(30x80cm) ",28.75,Y,Tomorrow,https://www.noon.com/uae-en/5-packs-cooling-towel-quick-dry-sports-towel-for-yoga-fitness-golf-tennis-camping-games-fitness-towel-30x80cm/ZD47F076F0E799BD13A58Z/p/?o=zd47f076f0e799bd13a58z-1,noon-express,,,,64% Off
217,Generic,"Generic Cork Yoga Blocks, 2 Pack, 22.8x15.2x7.6cm, High Density Solid Natural Cork Yoga Brick with Comfortable Edge to Improve Balance, Strength and Flexibility ",65.80,N,Tomorrow,https://www.noon.com/uae-en/cork-yoga-blocks-2-pack-22-8x15-2x7-6cm-high-density-solid-natural-cork-yoga-brick-with-comfortable-edge-to-improve-balance-strength-and-flexibility/Z1E598CB5A35BDDF0E9C4Z/p/?o=z1e598cb5a35bddf0e9c4z-1,noon-express,,,,
218,MahMir,MahMir MahMir Yoga Mat Anti-Slip Exercise Mat with Carrying Bag Fitness Mat for Pilates 183CM*61CM*6MM Thickness for Woman Man Beginners  Dark Green+Light Green ,49.95,N,Tomorrow,https://www.noon.com/uae-en/mahmir-yoga-mat-anti-slip-exercise-mat-with-carrying-bag-fitness-mat-for-pilates-183cm-61cm-6mm-thickness-for-woman-man-beginners-dark-green-light-green/Z880BC1691FBB2A8BFF1FZ/p/?o=z880bc1691fbb2a8bff1fz-1,noon-express,,4.7,7,28% Off
219,Fitness,Fitness World Pair Of Sand Weight Bag 3kg ,41.95,N,,https://www.noon.com/uae-en/pair-of-sand-weight-bag-3kg/N16660112A/p/?o=a952fb4370d1e08c,,,4.1,29,
220,YooA,"YooA 3-Pair Non-slip Yoga Socks, Cotton Pilates Socks with 3D Silicone Particles, Breathable&Moisture-wicking&Machine-washable, Ideal for Yoga/Pilates/Ballet/Dance/Workout (Pink+Black+Grey, Fit Size 36-42) ",38.80,N,Tomorrow,https://www.noon.com/uae-en/3-pair-non-slip-yoga-socks-cotton-pilates-socks-with-3d-silicone-particles-breathable-moisture-wicking-machine-washable-ideal-for-yoga-pilates-ballet-dance-workout-pink-black-grey-fit-size-36-42/ZA1B269ACFAC7EFA4C86AZ/p/?o=za1b269acfac7efa4c86az-1,noon-express,,5.0,1,35% Off
221,GROIC,"GROIC Pilates Ring Exercise Equipment for Inner & Outer Thigh, Abs, Legs, Muscle Strength includes Resistance Bands for Butt Squat Workout, Body Balance Stability & a Yoga Ring for Men and Women Fitness ",70.95,N,,https://www.noon.com/uae-en/pilates-ring-exercise-equipment-for-inner-outer-thigh-abs-legs-muscle-strength-includes-resistance-bands-for-butt-squat-workout-body-balance-stability-a-yoga-ring-for-men-and-women-fitness/Z88CD791B59DAD8341238Z/p/?o=fb50f4e1a4e45a6c,,,,,64% Off
222,NNEWVANTE,"NNEWVANTE Nnewvante Silk Sleep Mask, 2 Pack 100% Real Natural Pure Silk Eye Mask with Adjustable Strap, Eye Mask for Sleeping, Eye Sleep Shade Cover, Blocks Light Reduces Puffy Eyes Gifts ",23.90,N,Tomorrow,https://www.noon.com/uae-en/nnewvante-silk-sleep-mask-2-pack-100-real-natural-pure-silk-eye-mask-with-adjustable-strap-eye-mask-for-sleeping-eye-sleep-shade-cover-blocks-light-reduces-puffy-eyes-gifts/Z549615CC1C4033D14D98Z/p/?o=z549615cc1c4033d14d98z-1,noon-express,,3.6,5,33% Off
223,RIOXS,"RIOXS Yoga Mat Non Slip Yoga Mat with Strap Included 6mm Thick Exercise Mat Ideal for HiiT, Pilates, Yoga and Many Other Home Workouts with Resistance Bands ",69,N,Tomorrow,https://www.noon.com/uae-en/yoga-mat-non-slip-yoga-mat-with-strap-included-6mm-thick-exercise-mat-ideal-for-hiit-pilates-yoga-and-many-other-home-workouts-with-resistance-bands/Z8BA5031695A316EDF65DZ/p/?o=z8ba5031695a316edf65dz-1,noon-express,,3.9,7,34% Off
224,Generic,Generic Pilates Yoga Wedge Massage Correction Yoga Foam Kyphosis Correction Detachable Large Spine Yoga Equipment ,269.10,N,Tomorrow,https://www.noon.com/uae-en/pilates-yoga-wedge-massage-correction-yoga-foam-kyphosis-correction-detachable-large-spine-yoga-equipment/Z51CFFC93511AF6D8ACAEZ/p/?o=z51cffc93511af6d8acaez-1,noon-express,,,,9% Off
225,BODY,BODY SCULPTURE Instructional Yoga Mat Blue P3 ,54,N,Tomorrow,https://www.noon.com/uae-en/instructional-yoga-mat-blue-p3/Z78DCEAF193F693ED7AF9Z/p/?o=z78dceaf193f693ed7af9z-1,noon-express,,3.8,9,46% Off
226,Adidas,Adidas Fitness Mat - 10Mm - Red ,105,N,Tomorrow,https://www.noon.com/uae-en/fitness-mat-10mm-red/Z9C7EDB5B7C3F9876CCB7Z/p/?o=z9c7edb5b7c3f9876ccb7z-1,noon-express,,,,32% Off
227,MissTiara,MissTiara 80cm Extra-Wide TPE Yoga Mat with Double-Sided Anti-Slip Design and Portable Storage Bag Suitable for Yoga Pilates Exercise and Fitness(183cm x 80cm x 0.8cm) ,74.90,N,Tomorrow,https://www.noon.com/uae-en/80cm-extra-wide-tpe-yoga-mat-with-double-sided-anti-slip-design-and-portable-storage-bag-suitable-for-yoga-pilates-exercise-and-fitness-183cm-x-80cm-x-0-8cm/Z9CCA1A3DE609EB67B3B1Z/p/?o=z9cca1a3de609eb67b3b1z-1,noon-express,,4.0,1,
228,ShebSheb,ShebSheb Pilates Yoga Mat Thick Non Slip Exercise Mats 8mm TPE for Yoga Workout Pilates Yoga Mats for Women Men ,59.90,N,Tomorrow,https://www.noon.com/uae-en/pilates-yoga-mat-thick-non-slip-exercise-mats-8mm-tpe-for-yoga-workout-pilates-yoga-mats-for-women-men/ZACCFDDC3974DE78FE03AZ/p/?o=zaccfddc3974de78fe03az-1,noon-express,,4.5,11,
229,Prickly,Prickly Pear Prickly Pear Breathe Deep Non-Slip Suede Top 1mm Travel Yoga Mat - Lightweight Yoga Mat ,160,N,Tomorrow,https://www.noon.com/uae-en/prickly-pear-breathe-deep-non-slip-suede-top-1mm-travel-yoga-mat-lightweight-yoga-mat/ZB3370DD21C84F419DF5FZ/p/?o=zb3370dd21c84f419df5fz-1,noon-express,,,,33% Off
230,Generic,Generic The World's Best Eco Friendly Non Slip Yoga Mat With The ORIGINAL Unique Alignment Marker System Biodegradable Mat Made With Natural Rubber  A Warrior like Grip ,182.40,N,Tomorrow,https://www.noon.com/uae-en/the-world-s-best-eco-friendly-non-slip-yoga-mat-with-the-original-unique-alignment-marker-system-biodegradable-mat-made-with-natural-rubber-a-warrior-like-grip/ZCADEF018884B7A285E7EZ/p/?o=zcadef018884b7a285e7ez-1,noon-express,,,,20% Off
231,Prickly,"Prickly Pear Prickly Pear Grey Rollable Yoga Mat 4mm - Non-Slip Yoga Mat with Strap, Perfect for Stretching and Yoga ",275,N,Tomorrow,https://www.noon.com/uae-en/prickly-pear-grey-rollable-yoga-mat-4mm-non-slip-yoga-mat-with-strap-perfect-for-stretching-and-yoga/Z4426A1D383FB5EEBFA68Z/p/?o=z4426a1d383fb5eebfa68z-1,noon-express,,,,33% Off
232,LACOSTE,LACOSTE Lacoste Tote Bag Large Size Black Color ,154.35,Y,Tomorrow,https://www.noon.com/uae-en/lacoste-tote-bag-large-size-black-color/Z3C8DAF40330507AC95A4Z/p/?o=z3c8daf40330507ac95a4z-1,noon-express,,,,48% Off
233,RIOXS,"RIOXS Yoga Pilates Kits,Yoga Circle And Yoga Blocks Sets,32cm Yoga Wheel With 2 Pcs Yoga Foam Blocks,For Waist Back Training,Durable Professional Pilates Exercise Tools ",59,N,Tomorrow,https://www.noon.com/uae-en/yoga-pilates-kits-yoga-circle-and-yoga-blocks-sets-32cm-yoga-wheel-with-2-pcs-yoga-foam-blocks-for-waist-back-training-durable-professional-pilates-exercise-tools/ZB20455FFC8C4AAB72E0EZ/p/?o=zb20455ffc8c4aab72e0ez-1,noon-express,,,,34% Off
234,Reebok,Reebok Yoga Mat - 5Mm - Red ,173,N,Tomorrow,https://www.noon.com/uae-en/yoga-mat-5mm-red/Z9BE175DFC702F5DF035AZ/p/?o=z9be175dfc702f5df035az-1,noon-express,,,,32% Off
235,ZCM-HAPPY,ZCM-HAPPY Yoga Fitness Exercise Ball With Air Pump 75cm ,33,Y,Tomorrow,https://www.noon.com/uae-en/yoga-fitness-exercise-ball-with-air-pump-75cm/ZE3FFF1B6FFB81E419224Z/p/?o=ze3fff1b6ffb81e419224z-1,noon-express,,5.0,2,40% Off
236,Vparty,"Vparty Thick Yoga Mat for Home Workout,183x61x0.6cm Non-Slip Exercise Fitness Yoga Mats,Eco-Friendly TPE Exercise Mats for Home Workout with strap & Carrying Bag ",59.90,Y,7 Jan,https://www.noon.com/uae-en/thick-yoga-mat-for-home-workout-183x61x0-6cm-non-slip-exercise-fitness-yoga-mats-eco-friendly-tpe-exercise-mats-for-home-workout-with-strap-carrying-bag/Z08D5C014B433E9836595Z/p/?o=z08d5c014b433e9836595z-1,noon-marketplace,,,,14% Off
237,Fazza,"Fazza 3 Pairs Non Slip Socks, Women Fashion All Season Socks, Sports Casual Simple Striped Colors, for Pilates Yoga, Barre Ballet Dance, Fitness, Football, Mid-Tube Socks Free Size ",48.40,N,Tomorrow,https://www.noon.com/uae-en/3-pairs-non-slip-socks-women-fashion-all-season-socks-sports-casual-simple-striped-colors-for-pilates-yoga-barre-ballet-dance-fitness-football-mid-tube-socks-free-size/ZD7445E31DDB7FA7F9DA9Z/p/?o=zd7445e31ddb7fa7f9da9z-1,noon-express,,4.0,1,35% Off
238,Generic,Generic Anti-Tear Exercise Mat With Carrying Strap 60x10cm 60x10cm ,34.35,N,Tomorrow,https://www.noon.com/uae-en/anti-tear-exercise-mat-with-carrying-strap-60x10cm-60x10cm/N20034892A/p/?o=fc5fc96b5ab2231d,noon-express,,4.2,1.4K,
239,Fitness,Fitness World Yoga Mat 1meter ,41.75,N,,https://www.noon.com/uae-en/yoga-mat-1meter/N27330532A/p/?o=be3ede78a9e812be,noon-marketplace,,4.4,88,
240,Generic,"Generic 25-65 Lbs Resistance Band Pull up Assist Band Heavy Duty Powerlifting Exercise Stretch Bands for Powerlifting, Muscle Toning, Yoga, Stretch Mobility (Black) ",38.90,N,Tomorrow,https://www.noon.com/uae-en/25-65-lbs-resistance-band-pull-up-assist-band-heavy-duty-powerlifting-exercise-stretch-bands-for-powerlifting-muscle-toning-yoga-stretch-mobility-black/Z8A50111EF09B207B325CZ/p/?o=z8a50111ef09b207b325cz-1,noon-express,,4.8,7,6% Off
241,GROIC,"GROIC Squat Wedge Block Non Slip Professional Slant Board,Squat Ramp Foot Wedges for Squats Yoga Wedge Great for Exercise,Stretching Equipment ",78.10,N,,https://www.noon.com/uae-en/squat-wedge-block-non-slip-professional-slant-board-squat-ramp-foot-wedges-for-squats-yoga-wedge-great-for-exercise-stretching-equipment/ZFFE77555554D946085DFZ/p/?o=zffe77555554d946085dfz-1,noon-express,,5.0,1,
242,GROIC,"GROIC Yoga Mat, Extra Wide 72""x 31.5"" x 0.24"" Pilates Fitness Mats with Alignment Marks, Non Slip Fitness Yoga Mats, Exercise Mats for Yoga Pilates Home Floor Workout with Carrying Sling and Storage Bag ",125.95,N,Tomorrow,https://www.noon.com/uae-en/yoga-mat-extra-wide-72-x-31-5-x-0-24-pilates-fitness-mats-with-alignment-marks-non-slip-fitness-yoga-mats-exercise-mats-for-yoga-pilates-home-floor-workout-with-carrying-sling-and-storage-bag/Z3F95B162CE89D5F0E378Z/p/?o=z3f95b162ce89d5f0e378z-1,noon-express,,5.0,1,49% Off
243,GROIC,"GROIC Yoga Mat, Extra Wide 72""x 31.9"" x 0.24"" Pilates Fitness Mats with Alignment Marks, Non Slip Fitness Yoga Mats, Exercise Mats for Yoga Pilates Home Floor Workout with Carrying Sling and Storage Bag ",112.95,N,Tomorrow,https://www.noon.com/uae-en/yoga-mat-extra-wide-72-x-31-9-x-0-24-pilates-fitness-mats-with-alignment-marks-non-slip-fitness-yoga-mats-exercise-mats-for-yoga-pilates-home-floor-workout-with-carrying-sling-and-storage-bag/ZE4D54B66966654A0570FZ/p/?o=ze4d54b66966654a0570fz-1,noon-express,,,,54% Off
244,GROIC,"GROIC Pilates Bar Kit, Durable Pilates Bar Kit with 125 Lbs Resistance Bands for Women & Men -with Workout Guide Perfect for Beginner - Pilates Equipment for Home, Gym, Travel, Office Use ",82.95,N,Tomorrow,https://www.noon.com/uae-en/pilates-bar-kit-durable-pilates-bar-kit-with-125-lbs-resistance-bands-for-women-men-with-workout-guide-perfect-for-beginner-pilates-equipment-for-home-gym-travel-office-use/ZC2E7099EE4B3E0414D39Z/p/?o=zc2e7099ee4b3e0414d39z-1,noon-express,,,,58% Off
245,UKR,UKR UKR Tri-Fold Portable Non-Slip Yoga Mat Fitness Mat Gym Mat Travel Exercise Training Aerobic Mat Fitness Gym & Gymnastics Balance Padded Mat Blue (186*61*6cm) ,129.95,N,1 Jan,https://www.noon.com/uae-en/ukr-tri-fold-portable-non-slip-yoga-mat-fitness-mat-gym-mat-travel-exercise-training-aerobic-mat-fitness-gym-gymnastics-balance-padded-mat-blue-186-61-6cm/Z274EF3F6E0CF52B104EEZ/p/?o=z274ef3f6e0cf52b104eez-1,noon-express,,,,6% Off
246,Reebok,Reebok Yoga Mat - 4MM ,59,N,Tomorrow,https://www.noon.com/uae-en/yoga-mat-4mm/Z0B890FB207D88CE803BCZ/p/?o=z0b890fb207d88ce803bcz-1,noon-express,,5.0,2,41% Off
247,UKR,UKR UKR Tri-Fold Portable Non-Slip Yoga Mat Fitness Mat Gym Mat Travel Exercise Training Aerobic Mat Fitness Gym & Gymnastics Balance Padded Mat Black(186*61*6cm) ,129.95,N,1 Jan,https://www.noon.com/uae-en/ukr-tri-fold-portable-non-slip-yoga-mat-fitness-mat-gym-mat-travel-exercise-training-aerobic-mat-fitness-gym-gymnastics-balance-padded-mat-black-186-61-6cm/Z814B7C0477094D8ADD7BZ/p/?o=z814b7c0477094d8add7bz-1,noon-express,,,,6% Off
248,Arabest,Arabest Yoga Block and Strap Set ,29.80,N,Tomorrow,https://www.noon.com/uae-en/yoga-block-and-strap-set/ZF2C108B620504F855241Z/p/?o=zf2c108b620504f855241z-1,noon-express,,4.8,10,
249,RIGID,"RIGID FITNESS Gym Cooling Towels (3-Pack) - Ice-Sensation Sweat Towel, Quick-Dry Microfiber Cloth for Exercise, Yoga, Running & More - High-Absorbency Cooling Towels for Intense Workouts (100x30cm) ",69,N,,https://www.noon.com/uae-en/gym-cooling-towels-3-pack-ice-sensation-sweat-towel-quick-dry-microfiber-cloth-for-exercise-yoga-running-more-high-absorbency-cooling-towels-for-intense-workouts-100x30cm/Z691A3B8C08D72CA569ECZ/p/?o=cd92098fa513df5b,,,4.0,14,
250,GROIC,"GROIC Yoga Mat, Extra Wide 72.8""x 31.5"" x 0.24"" Pilates Fitness Mats with Alignment Marks, Non Slip Fitness Yoga Mats, Exercise Mats for Yoga Pilates Home Floor Workout with Carrying Sling and Storage Bag ",116.95,N,Tomorrow,https://www.noon.com/uae-en/yoga-mat-extra-wide-72-8-x-31-5-x-0-24-pilates-fitness-mats-with-alignment-marks-non-slip-fitness-yoga-mats-exercise-mats-for-yoga-pilates-home-floor-workout-with-carrying-sling-and-storage-bag/Z2B7C5314964850AA3020Z/p/?o=z2b7c5314964850aa3020z-1,noon-express,,5.0,1,53% Off
251,GROIC,"GROIC Foldable Yoga Mat with Illustrated Yoga Poses, Non Slip Exercise Mat for Home Gym, Travel Yoga Set With Stretch Strap for Yoga Pilates and Fitness ",86,N,,https://www.noon.com/uae-en/foldable-yoga-mat-with-illustrated-yoga-poses-non-slip-exercise-mat-for-home-gym-travel-yoga-set-with-stretch-strap-for-yoga-pilates-and-fitness/ZD8D89AC21F9CBFCD5577Z/p/?o=af38701522f5650a,,,4.2,12,56% Off
252,Generic,Generic The World's Best Eco Friendly Non Slip Yoga Mat With The ORIGINAL Unique Alignment Marker System Biodegradable Mat Made With Natural Rubber  A Warrior Like Grip 183*68*0.5cm ,143.20,N,Tomorrow,https://www.noon.com/uae-en/the-world-s-best-eco-friendly-non-slip-yoga-mat-with-the-original-unique-alignment-marker-system-biodegradable-mat-made-with-natural-rubber-a-warrior-like-grip-183-68-0-5cm/Z96081709DB7AF11FE82CZ/p/?o=z96081709db7af11fe82cz-1,noon-express,,5.0,1,20% Off
253,Gaiam,Gaiam 6Mm Premium Tribal Wisdom Yoga Mat ,50,N,Tomorrow,https://www.noon.com/uae-en/6mm-premium-tribal-wisdom-yoga-mat/ZE3AE3C2A87B662CA54F9Z/p/?o=ze3ae3c2a87b662ca54f9z-1,noon-express,,,,72% Off
254,BODY,BODY SCULPTURE Anti-Burst Gymball 22inch ,29,N,,https://www.noon.com/uae-en/anti-burst-gymball-22inch/N15766475A/p/?o=aa55acf5331967ae,,,3.8,3,34% Off
255,DBLEW,DBLEW 4mm Thick Yoga Mat Knees Supportive Anti Slip Fitness Home Exercise Eco Friendly Ideal For All Types Of Pilates Floor Workouts Gym Stretching 61x173cm ,26.80,N,Tomorrow,https://www.noon.com/uae-en/4mm-thick-yoga-mat-knees-supportive-anti-slip-fitness-home-exercise-eco-friendly-ideal-for-all-types-of-pilates-floor-workouts-gym-stretching-61x173cm/Z7B5DD06DBFCED14AFA8CZ/p/?o=z7b5dd06dbfced14afa8cz-1,noon-express,,3.6,13,46% Off
256,Rubik,"Rubik Yoga Wheel, Nonslip Yoga Prop Wheel Strongest & Most Comfortable Yoga Roller for Improving Yoga Poses & Backbends, Stretching, Improving Flexibility Purple/Pink ",149,N,Tomorrow,https://www.noon.com/uae-en/yoga-wheel-nonslip-yoga-prop-wheel-strongest-most-comfortable-yoga-roller-for-improving-yoga-poses-backbends-stretching-improving-flexibility-purple-pink/ZCB51E5BEE4FBC14F8624Z/p/?o=zcb51e5bee4fbc14f8624z-1,noon-express,,,,
257,FORCE,FORCE 24 Pro Grip Yoga Mat 183cm ,59.90,N,Tomorrow,https://www.noon.com/uae-en/pro-grip-yoga-mat-183cm/N40965360A/p/?o=a54d700540b2f8da,noon-express,,4.8,4,39% Off
258,RIOXS,"RIOXS Thick Yoga Mat with Carrier Strap, Non-Slip High-density Exercise Mat, Pilates Fitness Mat, Non-toxic Odorless Mat, Easy to Store and Clean, 183*61*0.6cm ",48.80,N,Tomorrow,https://www.noon.com/uae-en/thick-yoga-mat-with-carrier-strap-non-slip-high-density-exercise-mat-pilates-fitness-mat-non-toxic-odorless-mat-easy-to-store-and-clean-183-61-0-6cm/Z6D22140BD4A5A326AA84Z/p/?o=z6d22140bd4a5a326aa84z-1,noon-express,,3.7,3,17% Off
259,RATSAW,RATSAW 5pcs Women's Anti Slip Yoga Socks  Ideal for Yoga Pilates Dance Fitness  Mid Calf Candy Colored Cotton Socks ,45.95,N,Tomorrow,https://www.noon.com/uae-en/5pcs-women-s-anti-slip-yoga-socks-ideal-for-yoga-pilates-dance-fitness-mid-calf-candy-colored-cotton-socks/Z63B6386016F17CA34926Z/p/?o=z63b6386016f17ca34926z-1,noon-express,,3.9,3,39% Off
260,Generic,Generic Yoga Block With Strap ,65.70,N,,https://www.noon.com/uae-en/yoga-block-with-strap/N31126816A/p/?o=a2041e210ce760ba,noon-marketplace,,4.3,4,5% Off
261,Prickly,"Prickly Pear Prickly Pear Tie Dye Yoga/Pilates Socks - Non-Slip Crew Socks Ideal for Barre, Yoga, and Pilates ",45,N,Tomorrow,https://www.noon.com/uae-en/prickly-pear-tie-dye-yoga-pilates-socks-non-slip-crew-socks-ideal-for-barre-yoga-and-pilates/Z456EA3A80392F5CD0B24Z/p/?o=z456ea3a80392f5cd0b24z-1,noon-express,,,,35% Off
262,joyzzz,joyzzz Yoga fitness mat floor high quality environmentally friendly TPE waterproof gym home mat sports mat for sports ,109.35,N,Tomorrow,https://www.noon.com/uae-en/yoga-fitness-mat-floor-high-quality-environmentally-friendly-tpe-waterproof-gym-home-mat-sports-mat-for-sports/Z68802DAE7D5FCFB63AB8Z/p/?o=z68802dae7d5fcfb63ab8z-1,noon-express,,,,8% Off
263,Generic,Generic 2-Piece Yoga Brick Block Set ,27.40,N,Tomorrow,https://www.noon.com/uae-en/2-piece-yoga-brick-block-set/N34152615A/p/?o=b02f5b68f15dd05a,noon-express,,4.7,15,12% Off
264,Generic,"Generic Pilates Ring, Magic Circle Pilates Ring 35.5CM For Thigh Exercise, Home Pilates Equipment For Women, Pilates Ring Gym Equipment Thigh Master ",59,N,Tomorrow,https://www.noon.com/uae-en/pilates-ring-magic-circle-pilates-ring-35-5cm-for-thigh-exercise-home-pilates-equipment-for-women-pilates-ring-gym-equipment-thigh-master/ZD0F9EADF94C847916735Z/p/?o=zd0f9eadf94c847916735z-1,noon-express,,,,26% Off
265,RIOXS,RIOXS 5 Pairs Yoga Socks For Women Non-Slip Grips & Straps Non Slip Socks For Yoga Pilates Ideal For Pilates Ballet Dance Barefoot Workout ,46.05,N,,https://www.noon.com/uae-en/5-pairs-yoga-socks-for-women-non-slip-grips-straps-non-slip-socks-for-yoga-pilates-ideal-for-pilates-ballet-dance-barefoot-workout/Z288231EEFD4008FE0C11Z/p/?o=z288231eefd4008fe0c11z-1,noon-express,,,,53% Off
266,GROIC,"GROIC 12 Pack Puzzle Exercise Floor Mat, EVA Foam Mats with Interlocking Floor Tiles, 12'' x 12'' Foam Gym Mat, Protective Flooring Mats Interlocking for Home and Gym Equipment (Navy Blue) ",69.35,N,Tomorrow,https://www.noon.com/uae-en/12-pack-puzzle-exercise-floor-mat-eva-foam-mats-with-interlocking-floor-tiles-12-x-12-foam-gym-mat-protective-flooring-mats-interlocking-for-home-and-gym-equipment-navy-blue/Z4EAB1F3B4BA3811C89EBZ/p/?o=z4eab1f3b4ba3811c89ebz-1,noon-express,,5.0,1,65% Off
267,Cool,Cool Baby Style COOLBABY Boxing Sandbag Hanging Canvas Hollow Kickboxing Fight Karate Punch Bag with Iron Chain Hook Safety Buckle-120cm ,73.40,N,Tomorrow,https://www.noon.com/uae-en/coolbaby-boxing-sandbag-hanging-canvas-hollow-kickboxing-fight-karate-punch-bag-with-iron-chain-hook-safety-buckle-120cm/ZEE9D097C53FC524BCF3DZ/p/?o=zee9d097c53fc524bcf3dz-1,noon-express,,,,25% Off
268,Gerenic,"Gerenic Yoga Balance Wheel, 18.5cm/7.3in Width Yoga Balance Circle, Yoga Prop Wheel for Yoga Poses Increasing Flexibility, Yoga Stretching Wheel Non Slip, Perfect Yoga Prop for Beginner ",133,N,Tomorrow,https://www.noon.com/uae-en/yoga-balance-wheel-18-5cm-7-3in-width-yoga-balance-circle-yoga-prop-wheel-for-yoga-poses-increasing-flexibility-yoga-stretching-wheel-non-slip-perfect-yoga-prop-for-beginner/ZF6C53F44AEC8480A404FZ/p/?o=zf6c53f44aec8480a404fz-1,noon-express,,,,
